Fecha,Festividad
2025-01-01,Año Nuevo
2025-01-06,Epifanía del Señor
2025-04-17,Jueves Santo
2025-04-18,Viernes Santo
2025-04-21,Lunes de Pascua
2025-05-01,Fiesta del Trabajo
2025-07-25,Santiago Apóstol
2025-07-31,San Ignacio de Loyola
2025-08-15,Asunción de la Virgen
2025-10-12,Fiesta Nacional de España
2025-10-25,Día del País Vasco (sábado)
2025-11-01,Todos los Santos
2025-12-06,Día de la Constitución
2025-12-08,Inmaculada Concepción
2025-12-25,Navidad
2026-01-01,Año Nuevo
2026-01-06,Epifanía del Señor
2026-03-19,San José
2026-04-02,Jueves Santo
2026-04-03,Viernes Santo
2026-04-06,Lunes de Pascua
2026-05-01,Fiesta del Trabajo
2026-07-25,Santiago Apóstol
2026-07-31,San Ignacio de Loyola
2026-08-15,Asunción de la Virgen
2026-08-21,Viernes de la Semana Grande
2026-10-12,Fiesta Nacional de España
2026-11-01,Todos los Santos
2026-12-06,Día de la Constitución
2026-12-08,Inmaculada Concepción
2026-12-25,Navidad
2027-01-01,Año Nuevo
2027-01-06,Epifanía del Señor
2027-03-25,Jueves Santo
2027-03-26,Viernes Santo
2027-03-29,Lunes de Pascua
2027-05-01,Fiesta del Trabajo
2027-07-31,San Ignacio de Loyola
2027-08-15,Asunción de la Virgen
2027-08-27,Viernes de la Semana Grande
2027-10-07,Aniversario del primer Gobierno de Euskadi
2027-10-12,Fiesta Nacional de España
2027-11-01,Todos los Santos
2027-12-06,Día de la Constitución
2027-12-08,Inmaculada Concepción
2027-12-25,Navidad
