Municipio,Fecha,Festividad,Fuente
(todo Bizkaia),2026-07-31,San Ignacio de Loyola,"BOB núm. 138, 21/07/2025"
Abadiño,2026-05-15,San Trokaz,"BOB núm. 138, 21/07/2025 (Res. 11/07/2025)"
Abanto y Ciérvana,2026-06-15,San Antonio,"BOB núm. 138, 21/07/2025 (Res. 11/07/2025)"
Ajangiz,2026-05-14,La Ascensión,"BOB núm. 138, 21/07/2025 (Res. 11/07/2025)"
Alonsotegi,2026-09-02,San Antolín,"BOB núm. 138, 21/07/2025 (Res. 11/07/2025)"
Amorebieta-Etxano,2026-07-16,Ntra. Sra. del Carmen,"BOB núm. 138, 21/07/2025 (Res. 11/07/2025)"
Amoroto,2026-07-03,San Martín,"BOB núm. 138, 21/07/2025 (Res. 11/07/2025)"
Arakaldo,2026-07-18,Santa Marina,"BOB núm. 138, 21/07/2025 (Res. 11/07/2025)"
Arantzazu,2026-06-29,San Pedro,"BOB núm. 138, 21/07/2025 (Res. 11/07/2025)"
Areatza,2026-08-24,San Bartolomé,"BOB núm. 138, 21/07/2025 (Res. 11/07/2025)"
Arrankudiaga - Zollo,2026-06-29,San Pedro,"BOB núm. 138, 21/07/2025 (Res. 11/07/2025)"
Arratzu,2026-12-21,Santo Tomás,"BOB núm. 138, 21/07/2025 (Res. 11/07/2025)"
Arrieta,2026-11-11,San Martín,"BOB núm. 138, 21/07/2025 (Res. 11/07/2025)"
Arrigorriaga,2026-07-22,Santa María Magdalena,"BOB núm. 138, 21/07/2025 (Res. 11/07/2025)"
Artea,2026-09-08,,"BOB núm. 138, 21/07/2025 (Res. 11/07/2025)"
Artzentales,2026-09-02,San Antolín,"BOB núm. 138, 21/07/2025 (Res. 11/07/2025)"
Atxondo,2026-06-29,San Pedro,"BOB núm. 138, 21/07/2025 (Res. 11/07/2025)"
Aulesti,2026-06-24,San Juan,"BOB núm. 138, 21/07/2025 (Res. 11/07/2025)"
Bakio,2026-09-29,San Miguel Arcángel,"BOB núm. 138, 21/07/2025 (Res. 11/07/2025)"
Balmaseda,2026-10-23,San Severino,"BOB núm. 138, 21/07/2025 (Res. 11/07/2025)"
Barakaldo,2026-07-16,Nuestra Señora del Carmen,"BOB núm. 138, 21/07/2025 (Res. 11/07/2025)"
Barrika,2026-06-24,San Juan,"BOB núm. 138, 21/07/2025 (Res. 11/07/2025)"
Basauri,2026-10-13,San Fausto,"BOB núm. 138, 21/07/2025 (Res. 11/07/2025)"
Bedia,2026-06-24,San Juan Bautista,"BOB núm. 138, 21/07/2025 (Res. 11/07/2025)"
Berango,2026-07-27,Santa Ana,"BOB núm. 138, 21/07/2025 (Res. 11/07/2025)"
Bermeo,2026-09-08,Nuestra Señora,"BOB núm. 138, 21/07/2025 (Res. 11/07/2025)"
Berriatua,2026-06-29,,"BOB núm. 138, 21/07/2025 (Res. 11/07/2025)"
Berriz,2026-06-29,San Pedro,"BOB núm. 138, 21/07/2025 (Res. 11/07/2025)"
Bilbao,2026-08-28,Viernes de la Semana Grande,"BOB 06/08/2025 (Res. 04/08/2025, modifica la de 11/07/2025)"
Busturia,2026-07-10,Santa Cristóbal,"BOB núm. 138, 21/07/2025 (Res. 11/07/2025)"
Derio,2026-05-15,San Isidro Labrador,"BOB núm. 138, 21/07/2025 (Res. 11/07/2025)"
Dima,2026-06-29,,"BOB núm. 138, 21/07/2025 (Res. 11/07/2025)"
Durango,2026-10-13,San Fausto,"BOB núm. 138, 21/07/2025 (Res. 11/07/2025)"
Ea,2026-06-24,,"BOB núm. 138, 21/07/2025 (Res. 11/07/2025)"
Elantxobe,2026-06-29,,"BOB núm. 138, 21/07/2025 (Res. 11/07/2025)"
Elorrio,2026-09-07,,"BOB núm. 138, 21/07/2025 (Res. 11/07/2025)"
Erandio,2026-08-28,San Agustín,"BOB núm. 138, 21/07/2025 (Res. 11/07/2025)"
Ereño,2026-09-29,San Miguel Arcángel,"BOB núm. 138, 21/07/2025 (Res. 11/07/2025)"
Ermua,2026-07-27,Zezen eguna,"BOB núm. 138, 21/07/2025 (Res. 11/07/2025)"
Errigoiti,2026-08-24,San Bartolomé,"BOB núm. 138, 21/07/2025 (Res. 11/07/2025)"
Etxebarri,2026-12-28,San Esteban,"BOB núm. 138, 21/07/2025 (Res. 11/07/2025)"
Etxebarria,2026-11-30,San Andrés,"BOB núm. 138, 21/07/2025 (Res. 11/07/2025)"
Forua,2026-11-11,San Martín,"BOB núm. 138, 21/07/2025 (Res. 11/07/2025)"
Fruiz,2026-08-06,San Salvador,"BOB núm. 138, 21/07/2025 (Res. 11/07/2025)"
Galdakao,2026-09-14,Exaltación de la Santa Cruz,"BOB núm. 138, 21/07/2025 (Res. 11/07/2025)"
Galdames,2026-06-29,San Pedro,"BOB núm. 138, 21/07/2025 (Res. 11/07/2025)"
Gamiz-Fika,2026-11-30,San Andrés,"BOB núm. 138, 21/07/2025 (Res. 11/07/2025)"
Garai,2026-06-24,San Juan,"BOB núm. 138, 21/07/2025 (Res. 11/07/2025)"
Gatika,2026-08-24,San Bartolomé,"BOB núm. 138, 21/07/2025 (Res. 11/07/2025)"
Gautegiz Arteaga,2026-01-26,San Polikarpo,"BOB núm. 138, 21/07/2025 (Res. 11/07/2025)"
Gernika-Lumo,2026-06-29,San Pedro,"BOB núm. 138, 21/07/2025 (Res. 11/07/2025)"
Getxo,2026-09-24,Las Mercedes,"BOB núm. 138, 21/07/2025 (Res. 11/07/2025)"
Gizaburuaga,2026-09-08,Nuestra Señora,"BOB núm. 138, 21/07/2025 (Res. 11/07/2025)"
Gordexola,2026-09-28,San Cosme y San Damián,"BOB núm. 138, 21/07/2025 (Res. 11/07/2025)"
Gorliz,2026-08-05,Nuestra Señora de Aguirre y de las Nieves,"BOB núm. 138, 21/07/2025 (Res. 11/07/2025)"
Güeñes,2026-08-10,San Lorenzo,"BOB núm. 138, 21/07/2025 (Res. 11/07/2025)"
Ibarrangelu,2026-06-04,Corpus Christi,"BOB núm. 138, 21/07/2025 (Res. 11/07/2025)"
Igorre,2026-06-12,,"BOB núm. 138, 21/07/2025 (Res. 11/07/2025)"
Ispaster,2026-09-29,San Miguel,"BOB núm. 138, 21/07/2025 (Res. 11/07/2025)"
Iurreta,2026-09-29,San Miguel,"BOB núm. 138, 21/07/2025 (Res. 11/07/2025)"
Izurtza,2026-09-08,Erdoitzako Ama,"BOB núm. 138, 21/07/2025 (Res. 11/07/2025)"
Kortezubi,2026-07-27,,"BOB núm. 138, 21/07/2025 (Res. 11/07/2025)"
Lanestosa,2026-08-05,Ntra. Sra de las Nieves,"BOB núm. 138, 21/07/2025 (Res. 11/07/2025)"
Larrabetzu,2026-05-15,,"BOB núm. 138, 21/07/2025 (Res. 11/07/2025)"
Laukiz,2026-09-29,San Miguel,"BOB núm. 138, 21/07/2025 (Res. 11/07/2025)"
Leioa,2026-06-24,,"BOB núm. 138, 21/07/2025 (Res. 11/07/2025)"
Lekeitio,2026-09-02,San Antolín,"BOB núm. 138, 21/07/2025 (Res. 11/07/2025)"
Lemoa,2026-09-08,Andra Mari,"BOB núm. 138, 21/07/2025 (Res. 11/07/2025)"
Lemoiz,2026-07-16,Día del Carmen,"BOB núm. 138, 21/07/2025 (Res. 11/07/2025)"
Lezama,2026-09-08,Andra Mari,"BOB núm. 138, 21/07/2025 (Res. 11/07/2025)"
Loiu,2026-06-29,Festividad de San Pedro y Santa Lucía,"BOB núm. 138, 21/07/2025 (Res. 11/07/2025)"
Mallabia,2026-02-18,Miércoles de Ceniza,"BOB núm. 138, 21/07/2025 (Res. 11/07/2025)"
Markina-Xemein,2026-07-16,Día del Carmen,"BOB núm. 138, 21/07/2025 (Res. 11/07/2025)"
Maruri-Jatabe,2026-08-10,San Lorenzo,"BOB núm. 138, 21/07/2025 (Res. 11/07/2025)"
Mañaria,2026-10-21,Sta. Úrsula,"BOB núm. 138, 21/07/2025 (Res. 11/07/2025)"
Mendata,2026-09-29,San Miguel Arcángel,"BOB núm. 138, 21/07/2025 (Res. 11/07/2025)"
Mendexa,2026-05-15,San Isidro,"BOB núm. 138, 21/07/2025 (Res. 11/07/2025)"
Meñaka,2026-08-17,,"BOB núm. 138, 21/07/2025 (Res. 11/07/2025)"
Morga,2026-07-30,,"BOB núm. 138, 21/07/2025 (Res. 11/07/2025)"
Mundaka,2026-06-29,San Pedro,"BOB núm. 138, 21/07/2025 (Res. 11/07/2025)"
Mungia,2026-06-29,,"BOB núm. 138, 21/07/2025 (Res. 11/07/2025)"
Munitibar-Arbatzegi-Gerrikaitz,2026-06-29,San Pedro,"BOB núm. 138, 21/07/2025 (Res. 11/07/2025)"
Murueta,2026-09-08,Festividad de Andra Mari,"BOB núm. 138, 21/07/2025 (Res. 11/07/2025)"
Muskiz,2026-06-24,,"BOB núm. 138, 21/07/2025 (Res. 11/07/2025)"
Muxika,2026-10-26,Último Lunes de Octubre,"BOB núm. 138, 21/07/2025 (Res. 11/07/2025)"
Nabarniz,2026-09-08,Andra Mari,"BOB núm. 138, 21/07/2025 (Res. 11/07/2025)"
Ondarroa,2026-08-17,Andra Mari,"BOB núm. 138, 21/07/2025 (Res. 11/07/2025)"
Orduña,2026-05-08,Otxomaio,"BOB núm. 138, 21/07/2025 (Res. 11/07/2025)"
Orozko,2026-09-02,San Antolín,"BOB núm. 138, 21/07/2025 (Res. 11/07/2025)"
Ortuella,2026-05-18,San Félix de Cantalicio,"BOB núm. 138, 21/07/2025 (Res. 11/07/2025)"
Otxandio,2026-07-20,Santa Marina,"BOB núm. 138, 21/07/2025 (Res. 11/07/2025)"
Plentzia,2026-07-22,Festividad de la Magdalena,"BOB núm. 138, 21/07/2025 (Res. 11/07/2025)"
Portugalete,2026-07-01,Virgen de la Guía,"BOB núm. 138, 21/07/2025 (Res. 11/07/2025)"
Santurtzi,2026-07-16,Virgen del Carmen,"BOB núm. 138, 21/07/2025 (Res. 11/07/2025)"
Sestao,2026-06-29,San Pedro Apóstol,"BOB núm. 138, 21/07/2025 (Res. 11/07/2025)"
Sondika,2026-06-24,San Juan,"BOB núm. 138, 21/07/2025 (Res. 11/07/2025)"
Sopela,2026-06-29,San Pedro,"BOB núm. 138, 21/07/2025 (Res. 11/07/2025)"
Sopuerta,2026-09-08,Natividad de Nuestra Señora,"BOB núm. 138, 21/07/2025 (Res. 11/07/2025)"
Sukarrieta,2026-11-30,San Andrés,"BOB núm. 138, 21/07/2025 (Res. 11/07/2025)"
Trucíos,2026-06-29,San Pedro,"BOB núm. 138, 21/07/2025 (Res. 11/07/2025)"
Ubide,2026-06-24,San Juan,"BOB núm. 138, 21/07/2025 (Res. 11/07/2025)"
Ugao-Miraballes,2026-09-08,Señora la Virgen de Udiarraga,"BOB núm. 138, 21/07/2025 (Res. 11/07/2025)"
Urduliz,2026-09-08,,"BOB núm. 138, 21/07/2025 (Res. 11/07/2025)"
Usansolo,2026-11-30,San Andrés,"BOB núm. 138, 21/07/2025 (Res. 11/07/2025)"
Valle de Karrantza,2026-09-18,Virgen del Suceso,"BOB núm. 138, 21/07/2025 (Res. 11/07/2025)"
Valle de Trápaga-Trapagaran,2026-08-06,Transfiguración del Señor-día de San Salvador,"BOB núm. 138, 21/07/2025 (Res. 11/07/2025)"
Zaldibar,2026-07-03,,"BOB núm. 138, 21/07/2025 (Res. 11/07/2025)"
Zalla,2026-10-05,Día de Gangas,"BOB núm. 138, 21/07/2025 (Res. 11/07/2025)"
Zamudio,2026-11-11,San Martín,"BOB núm. 138, 21/07/2025 (Res. 11/07/2025)"
Zarátamo,2026-08-10,,"BOB núm. 138, 21/07/2025 (Res. 11/07/2025)"
Zeanuri,2026-05-15,San Isidro,"BOB núm. 138, 21/07/2025 (Res. 11/07/2025)"
Zeberio,2026-09-02,San Antolín,"BOB núm. 138, 21/07/2025 (Res. 11/07/2025)"
Ziortza-Bolibar,2026-06-24,San Juan,"BOB núm. 138, 21/07/2025 (Res. 11/07/2025)"
Ziérbena,2026-10-15,Día de la Independencia de Ziérbena,"BOB núm. 138, 21/07/2025 (Res. 11/07/2025)"
