ine_cabecera,cabecera,cpro,provincia,ccaa,es_capital_provincia,n_municipios,poblacion
01002,AMURRIO,01,ARABA/ÁLAVA,PAÍS VASCO,no,7,36948
01059,VITORIA-GASTEIZ,01,ARABA/ÁLAVA,PAÍS VASCO,si,44,305213
02003,ALBACETE,02,ALBACETE,CASTILLA-LA MANCHA,si,16,198668
02008,ALCARAZ,02,ALBACETE,CASTILLA-LA MANCHA,no,17,8180
02009,ALMANSA,02,ALBACETE,CASTILLA-LA MANCHA,no,9,44875
02024,CASAS-IBÁÑEZ,02,ALBACETE,CASTILLA-LA MANCHA,no,20,20332
02037,HELLÍN,02,ALBACETE,CASTILLA-LA MANCHA,no,13,54132
02069,LA RODA,02,ALBACETE,CASTILLA-LA MANCHA,no,8,30590
02081,VILLARROBLEDO,02,ALBACETE,CASTILLA-LA MANCHA,no,4,33629
03009,ALCOY/ALCOI,03,ALICANTE/ALACANT,COMUNITAT VALENCIANA,no,28,97803
03014,ALICANTE/ALACANT,03,ALICANTE/ALACANT,COMUNITAT VALENCIANA,si,3,424474
03031,BENIDORM,03,ALICANTE/ALACANT,COMUNITAT VALENCIANA,no,4,132918
03063,DÉNIA,03,ALICANTE/ALACANT,COMUNITAT VALENCIANA,no,33,198258
03065,ELCHE/ELX,03,ALICANTE/ALACANT,COMUNITAT VALENCIANA,no,3,316187
03066,ELDA,03,ALICANTE/ALACANT,COMUNITAT VALENCIANA,no,2,89244
03079,IBI,03,ALICANTE/ALACANT,COMUNITAT VALENCIANA,no,4,46279
03093,NOVELDA,03,ALICANTE/ALACANT,COMUNITAT VALENCIANA,no,10,93279
03099,ORIHUELA,03,ALICANTE/ALACANT,COMUNITAT VALENCIANA,no,21,247871
03122,SAN VICENTE DEL RASPEIG,03,ALICANTE/ALACANT,COMUNITAT VALENCIANA,no,6,102267
03133,TORREVIEJA,03,ALICANTE/ALACANT,COMUNITAT VALENCIANA,no,6,151391
03139,VILLAJOYOSA,03,ALICANTE/ALACANT,COMUNITAT VALENCIANA,no,14,76147
03140,VILLENA,03,ALICANTE/ALACANT,COMUNITAT VALENCIANA,no,7,53919
04013,ALMERÍA,04,ALMERÍA,ANDALUCÍA,si,48,336603
04029,BERJA,04,ALMERÍA,ANDALUCÍA,no,9,50220
04902,EL EJIDO,04,ALMERÍA,ANDALUCÍA,no,2,100233
04053,HUÉRCAL-OVERA,04,ALMERÍA,ANDALUCÍA,no,8,58530
04076,PURCHENA,04,ALMERÍA,ANDALUCÍA,no,21,29196
04079,ROQUETAS DE MAR,04,ALMERÍA,ANDALUCÍA,no,1,111240
04100,VERA,04,ALMERÍA,ANDALUCÍA,no,10,76121
04099,VÉLEZ-RUBIO,04,ALMERÍA,ANDALUCÍA,no,4,11434
05014,ARENAS DE SAN PEDRO,05,ÁVILA,CASTILLA Y LEÓN,no,24,32595
05016,ARÉVALO,05,ÁVILA,CASTILLA Y LEÓN,no,53,17830
05186,PIEDRAHITA,05,ÁVILA,CASTILLA Y LEÓN,no,64,10449
05019,ÁVILA,05,ÁVILA,CASTILLA Y LEÓN,si,107,99013
06011,ALMENDRALEJO,06,BADAJOZ,EXTREMADURA,no,8,50379
06015,BADAJOZ,06,BADAJOZ,EXTREMADURA,si,10,178836
06036,CASTUERA,06,BADAJOZ,EXTREMADURA,no,14,25757
06044,DON BENITO,06,BADAJOZ,EXTREMADURA,no,9,54277
06050,FREGENAL DE LA SIERRA,06,BADAJOZ,EXTREMADURA,no,7,13276
06063,HERRERA DEL DUQUE,06,BADAJOZ,EXTREMADURA,no,17,17835
06070,JEREZ DE LOS CABALLEROS,06,BADAJOZ,EXTREMADURA,no,9,25545
06074,LLERENA,06,BADAJOZ,EXTREMADURA,no,20,28129
06088,MONTIJO,06,BADAJOZ,EXTREMADURA,no,10,36064
06083,MÉRIDA,06,BADAJOZ,EXTREMADURA,no,16,84277
06095,OLIVENZA,06,BADAJOZ,EXTREMADURA,no,9,26949
06149,VILLAFRANCA DE LOS BARROS,06,BADAJOZ,EXTREMADURA,no,8,27562
06153,VILLANUEVA DE LA SERENA,06,BADAJOZ,EXTREMADURA,no,10,43571
06158,ZAFRA,06,BADAJOZ,EXTREMADURA,no,18,51429
07015,CIUTADELLA DE MENORCA,07,ILLES BALEARS,ILLES BALEARS,no,4,45825
07026,EIVISSA,07,ILLES BALEARS,ILLES BALEARS,no,6,175416
07027,INCA,07,ILLES BALEARS,ILLES BALEARS,no,21,167008
07033,MANACOR,07,ILLES BALEARS,ILLES BALEARS,no,15,162260
07032,MAÓ,07,ILLES BALEARS,ILLES BALEARS,no,4,55969
07040,PALMA,07,ILLES BALEARS,ILLES BALEARS,si,17,631002
08006,ARENYS DE MAR,08,BARCELONA,CATALUÑA,no,13,158506
08015,BADALONA,08,BARCELONA,CATALUÑA,no,3,283744
08019,BARCELONA,08,BARCELONA,CATALUÑA,si,1,1731649
08022,BERGA,08,BARCELONA,CATALUÑA,no,30,41250
08266,CERDANYOLA DEL VALLÈS,08,BARCELONA,CATALUÑA,no,5,182932
08073,CORNELLÀ DE LLOBREGAT,08,BARCELONA,CATALUÑA,no,1,92237
08169,EL PRAT DE LLOBREGAT,08,BARCELONA,CATALUÑA,no,1,66338
08077,ESPLUGUES DE LLOBREGAT,08,BARCELONA,CATALUÑA,no,2,69258
08089,GAVÀ,08,BARCELONA,CATALUÑA,no,4,193448
08096,GRANOLLERS,08,BARCELONA,CATALUÑA,no,35,326348
08102,IGUALADA,08,BARCELONA,CATALUÑA,no,32,119569
08101,L'HOSPITALET DE LLOBREGAT,08,BARCELONA,CATALUÑA,no,1,289510
08113,MANRESA,08,BARCELONA,CATALUÑA,no,35,198180
08114,MARTORELL,08,BARCELONA,CATALUÑA,no,9,142367
08121,MATARÓ,08,BARCELONA,CATALUÑA,no,17,308525
08124,MOLLET DEL VALLÈS,08,BARCELONA,CATALUÑA,no,7,109320
08184,RUBÍ,08,BARCELONA,CATALUÑA,no,3,193867
08187,SABADELL,08,BARCELONA,CATALUÑA,no,9,333630
08200,SANT BOI DE LLOBREGAT,08,BARCELONA,CATALUÑA,no,4,104240
08211,SANT FELIU DE LLOBREGAT,08,BARCELONA,CATALUÑA,no,10,200217
08245,SANTA COLOMA DE GRAMENET,08,BARCELONA,CATALUÑA,no,1,123981
08279,TERRASSA,08,BARCELONA,CATALUÑA,no,6,261689
08298,VIC,08,BARCELONA,CATALUÑA,no,49,171792
08305,VILAFRANCA DEL PENEDÈS,08,BARCELONA,CATALUÑA,no,26,113384
08307,VILANOVA I LA GELTRÚ,08,BARCELONA,CATALUÑA,no,7,167344
09018,ARANDA DE DUERO,09,BURGOS,CASTILLA Y LEÓN,no,64,50495
09056,BRIVIESCA,09,BURGOS,CASTILLA Y LEÓN,no,67,14919
09059,BURGOS,09,BURGOS,CASTILLA Y LEÓN,si,108,215351
09194,LERMA,09,BURGOS,CASTILLA Y LEÓN,no,44,8736
09219,MIRANDA DE EBRO,09,BURGOS,CASTILLA Y LEÓN,no,14,40050
09330,SALAS DE LOS INFANTES,09,BURGOS,CASTILLA Y LEÓN,no,48,9888
09903,VILLARCAYO DE MERINDAD DE CASTILLA LA VIEJA,09,BURGOS,CASTILLA Y LEÓN,no,26,22117
10067,CORIA,10,CÁCERES,EXTREMADURA,no,36,41420
10037,CÁCERES,10,CÁCERES,EXTREMADURA,si,41,142883
10109,LOGROSÁN,10,CÁCERES,EXTREMADURA,no,12,11667
10131,NAVALMORAL DE LA MATA,10,CÁCERES,EXTREMADURA,no,44,55010
10148,PLASENCIA,10,CÁCERES,EXTREMADURA,no,60,99698
10195,TRUJILLO,10,CÁCERES,EXTREMADURA,no,22,29178
10203,VALENCIA DE ALCÁNTARA,10,CÁCERES,EXTREMADURA,no,8,7896
11004,ALGECIRAS,11,CÁDIZ,ANDALUCÍA,no,3,169651
11006,ARCOS DE LA FRONTERA,11,CÁDIZ,ANDALUCÍA,no,12,86266
11007,BARBATE,11,CÁDIZ,ANDALUCÍA,no,2,35766
11015,CHICLANA DE LA FRONTERA,11,CÁDIZ,ANDALUCÍA,no,6,144809
11012,CÁDIZ,11,CÁDIZ,ANDALUCÍA,si,1,109950
11027,EL PUERTO DE SANTA MARÍA,11,CÁDIZ,ANDALUCÍA,no,1,89983
11020,JEREZ DE LA FRONTERA,11,CÁDIZ,ANDALUCÍA,no,2,218053
11022,LA LÍNEA DE LA CONCEPCIÓN,11,CÁDIZ,ANDALUCÍA,no,1,64499
11028,PUERTO REAL,11,CÁDIZ,ANDALUCÍA,no,1,42527
11030,ROTA,11,CÁDIZ,ANDALUCÍA,no,1,29289
11031,SAN FERNANDO,11,CÁDIZ,ANDALUCÍA,no,1,93338
11033,SAN ROQUE,11,CÁDIZ,ANDALUCÍA,no,4,46748
11032,SANLÚCAR DE BARRAMEDA,11,CÁDIZ,ANDALUCÍA,no,3,97087
11038,UBRIQUE,11,CÁDIZ,ANDALUCÍA,no,7,29075
12040,CASTELLÓ DE LA PLANA,12,CASTELLÓN/CASTELLÓ,COMUNITAT VALENCIANA,si,37,298948
12082,NULES,12,CASTELLÓN/CASTELLÓ,COMUNITAT VALENCIANA,no,30,113693
12104,SEGORBE,12,CASTELLÓN/CASTELLÓ,COMUNITAT VALENCIANA,no,32,27420
12135,VILA-REAL,12,CASTELLÓN/CASTELLÓ,COMUNITAT VALENCIANA,no,2,91538
12138,VINARÒS,12,CASTELLÓN/CASTELLÓ,COMUNITAT VALENCIANA,no,34,95574
13005,ALCÁZAR DE SAN JUAN,13,CIUDAD REAL,CASTILLA-LA MANCHA,no,6,62478
13011,ALMADÉN,13,CIUDAD REAL,CASTILLA-LA MANCHA,no,9,11580
13013,ALMAGRO,13,CIUDAD REAL,CASTILLA-LA MANCHA,no,6,30387
13034,CIUDAD REAL,13,CIUDAD REAL,CASTILLA-LA MANCHA,si,25,126455
13039,DAIMIEL,13,CIUDAD REAL,CASTILLA-LA MANCHA,no,5,31808
13053,MANZANARES,13,CIUDAD REAL,CASTILLA-LA MANCHA,no,6,43150
13071,PUERTOLLANO,13,CIUDAD REAL,CASTILLA-LA MANCHA,no,18,66853
13082,TOMELLOSO,13,CIUDAD REAL,CASTILLA-LA MANCHA,no,4,56538
13087,VALDEPEÑAS,13,CIUDAD REAL,CASTILLA-LA MANCHA,no,7,47041
13093,VILLANUEVA DE LOS INFANTES,13,CIUDAD REAL,CASTILLA-LA MANCHA,no,16,18117
14002,AGUILAR DE LA FRONTERA,14,CÓRDOBA,ANDALUCÍA,no,3,18726
14007,BAENA,14,CÓRDOBA,ANDALUCÍA,no,3,22212
14013,CABRA,14,CÓRDOBA,ANDALUCÍA,no,4,30291
14021,CÓRDOBA,14,CÓRDOBA,ANDALUCÍA,si,6,339808
14038,LUCENA,14,CÓRDOBA,ANDALUCÍA,no,6,65442
14042,MONTILLA,14,CÓRDOBA,ANDALUCÍA,no,9,56831
14043,MONTORO,14,CÓRDOBA,ANDALUCÍA,no,9,43190
14052,PEÑARROYA-PUEBLONUEVO,14,CÓRDOBA,ANDALUCÍA,no,11,32082
14053,POSADAS,14,CÓRDOBA,ANDALUCÍA,no,8,67182
14054,POZOBLANCO,14,CÓRDOBA,ANDALUCÍA,no,13,39392
14055,PRIEGO DE CÓRDOBA,14,CÓRDOBA,ANDALUCÍA,no,4,27034
14056,PUENTE GENIL,14,CÓRDOBA,ANDALUCÍA,no,1,29963
15030,A CORUÑA,15,A CORUÑA,GALICIA,si,7,392714
15006,ARZÚA,15,A CORUÑA,GALICIA,no,7,25953
15009,BETANZOS,15,A CORUÑA,GALICIA,no,16,81312
15019,CARBALLO,15,A CORUÑA,GALICIA,no,7,67061
15028,CORCUBIÓN,15,A CORUÑA,GALICIA,no,8,37140
15036,FERROL,15,A CORUÑA,GALICIA,no,12,158036
15053,MUROS,15,A CORUÑA,GALICIA,no,4,21672
15056,NEGREIRA,15,A CORUÑA,GALICIA,no,4,27842
15057,NOIA,15,A CORUÑA,GALICIA,no,3,26239
15059,ORDES,15,A CORUÑA,GALICIA,no,7,35068
15061,ORTIGUEIRA,15,A CORUÑA,GALICIA,no,6,19010
15065,PADRÓN,15,A CORUÑA,GALICIA,no,4,26039
15073,RIBEIRA,15,A CORUÑA,GALICIA,no,3,55195
15078,SANTIAGO DE COMPOSTELA,15,A CORUÑA,GALICIA,no,5,162331
16078,CUENCA,16,CUENCA,CASTILLA-LA MANCHA,si,118,82424
16134,MOTILLA DEL PALANCAR,16,CUENCA,CASTILLA-LA MANCHA,no,36,37752
16190,SAN CLEMENTE,16,CUENCA,CASTILLA-LA MANCHA,no,27,36476
16203,TARANCÓN,16,CUENCA,CASTILLA-LA MANCHA,no,57,41564
17023,BLANES,17,GIRONA,CATALUÑA,no,3,92046
17066,FIGUERES,17,GIRONA,CATALUÑA,no,68,149894
17079,GIRONA,17,GIRONA,CATALUÑA,si,38,243014
17022,LA BISBAL D'EMPORDÀ,17,GIRONA,CATALUÑA,no,32,90686
17114,OLOT,17,GIRONA,CATALUÑA,no,21,63411
17141,PUIGCERDÀ,17,GIRONA,CATALUÑA,no,11,16275
17147,RIPOLL,17,GIRONA,CATALUÑA,no,20,25958
17160,SANT FELIU DE GUIXOLS,17,GIRONA,CATALUÑA,no,4,54445
17180,SANTA COLOMA DE FARNERS,17,GIRONA,CATALUÑA,no,24,96297
18017,ALMUÑÉCAR,18,GRANADA,ANDALUCÍA,no,4,29913
18023,BAZA,18,GRANADA,ANDALUCÍA,no,8,37954
18087,GRANADA,18,GRANADA,ANDALUCÍA,si,52,521203
18089,GUADIX,18,GRANADA,ANDALUCÍA,no,33,45394
18098,HUÉSCAR,18,GRANADA,ANDALUCÍA,no,6,14902
18122,LOJA,18,GRANADA,ANDALUCÍA,no,19,70365
18140,MOTRIL,18,GRANADA,ANDALUCÍA,no,14,100217
18175,SANTA FE,18,GRANADA,ANDALUCÍA,no,12,98653
18147,ÓRGIVA,18,GRANADA,ANDALUCÍA,no,26,24017
19130,GUADALAJARA,19,GUADALAJARA,CASTILLA-LA MANCHA,si,154,267195
19190,MOLINA DE ARAGÓN,19,GUADALAJARA,CASTILLA-LA MANCHA,no,63,7506
19257,SIGÜENZA,19,GUADALAJARA,CASTILLA-LA MANCHA,no,71,10689
20018,AZPEITIA,20,GIPUZKOA,PAÍS VASCO,no,11,71767
20074,BERGARA,20,GIPUZKOA,PAÍS VASCO,no,11,87902
20069,DONOSTIA/SAN SEBASTIÁN,20,GIPUZKOA,PAÍS VASCO,si,11,328334
20030,EIBAR,20,GIPUZKOA,PAÍS VASCO,no,6,55674
20045,IRUN,20,GIPUZKOA,PAÍS VASCO,no,2,80623
20071,TOLOSA,20,GIPUZKOA,PAÍS VASCO,no,47,109065
21007,ARACENA,21,HUELVA,ANDALUCÍA,no,31,38775
21010,AYAMONTE,21,HUELVA,ANDALUCÍA,no,7,98680
21041,HUELVA,21,HUELVA,ANDALUCÍA,si,8,222108
21054,LA PALMA DEL CONDADO,21,HUELVA,ANDALUCÍA,no,11,77775
21050,MOGUER,21,HUELVA,ANDALUCÍA,no,5,50804
21072,VALVERDE DEL CAMINO,21,HUELVA,ANDALUCÍA,no,18,47561
22048,BARBASTRO,22,HUESCA,ARAGÓN,no,41,29337
22066,BOLTAÑA,22,HUESCA,ARAGÓN,no,31,12814
22112,FRAGA,22,HUESCA,ARAGÓN,no,16,26825
22125,HUESCA,22,HUESCA,ARAGÓN,si,61,84646
22130,JACA,22,HUESCA,ARAGÓN,no,26,33312
22158,MONZÓN,22,HUESCA,ARAGÓN,no,27,43690
23002,ALCALÁ LA REAL,23,JAÉN,ANDALUCÍA,no,4,36995
23005,ANDÚJAR,23,JAÉN,ANDALUCÍA,no,8,59777
23009,BAEZA,23,JAÉN,ANDALUCÍA,no,4,22057
23028,CAZORLA,23,JAÉN,ANDALUCÍA,no,10,29973
23050,JAÉN,23,JAÉN,ANDALUCÍA,si,23,194463
23024,LA CAROLINA,23,JAÉN,ANDALUCÍA,no,9,32073
23055,LINARES,23,JAÉN,ANDALUCÍA,no,4,77073
23060,MARTOS,23,JAÉN,ANDALUCÍA,no,8,52103
23095,VILLACARRILLO,23,JAÉN,ANDALUCÍA,no,21,52265
23092,ÚBEDA,23,JAÉN,ANDALUCÍA,no,6,60825
24008,ASTORGA,24,LEÓN,CASTILLA Y LEÓN,no,26,32352
24056,CISTIERNA,24,LEÓN,CASTILLA Y LEÓN,no,16,8872
24010,LA BAÑEZA,24,LEÓN,CASTILLA Y LEÓN,no,33,29348
24089,LEÓN,24,LEÓN,CASTILLA Y LEÓN,si,74,242040
24115,PONFERRADA,24,LEÓN,CASTILLA Y LEÓN,no,37,117215
24139,SAHAGÚN,24,LEÓN,CASTILLA Y LEÓN,no,20,6888
24202,VILLABLINO,24,LEÓN,CASTILLA Y LEÓN,no,5,10056
25040,BALAGUER,25,LLEIDA,CATALUÑA,no,41,65023
25072,CERVERA,25,LLEIDA,CATALUÑA,no,36,55470
25203,LA SEU D'URGELL,25,LLEIDA,CATALUÑA,no,22,22848
25120,LLEIDA,25,LLEIDA,CATALUÑA,si,65,255664
25207,SOLSONA,25,LLEIDA,CATALUÑA,no,26,21658
25234,TREMP,25,LLEIDA,CATALUÑA,no,32,24781
25243,VIELHA E MIJARAN,25,LLEIDA,CATALUÑA,no,9,10662
26036,CALAHORRA,26,LA RIOJA,LA RIOJA,no,34,77113
26071,HARO,26,LA RIOJA,LA RIOJA,no,49,31372
26089,LOGROÑO,26,LA RIOJA,LA RIOJA,si,91,218801
27018,A FONSAGRADA,27,LUGO,GALICIA,no,5,5922
27006,BECERREÁ,27,LUGO,GALICIA,no,6,8745
27016,CHANTADA,27,LUGO,GALICIA,no,7,22845
27028,LUGO,27,LUGO,GALICIA,si,10,127354
27030,MONDOÑEDO,27,LUGO,GALICIA,no,11,31173
27031,MONFORTE DE LEMOS,27,LUGO,GALICIA,no,9,34677
27057,SARRIA,27,LUGO,GALICIA,no,6,21708
27065,VILALBA,27,LUGO,GALICIA,no,6,28332
27066,VIVEIRO,27,LUGO,GALICIA,no,7,45003
28005,ALCALÁ DE HENARES,28,MADRID,MADRID,no,11,255741
28006,ALCOBENDAS,28,MADRID,MADRID,no,7,255983
28007,ALCORCÓN,28,MADRID,MADRID,no,1,175719
28013,ARANJUEZ,28,MADRID,MADRID,no,4,77691
28014,ARGANDA DEL REY,28,MADRID,MADRID,no,22,235732
28047,COLLADO VILLALBA,28,MADRID,MADRID,no,8,182973
28045,COLMENAR VIEJO,28,MADRID,MADRID,no,11,189613
28049,COSLADA,28,MADRID,MADRID,no,4,159088
28058,FUENLABRADA,28,MADRID,MADRID,no,2,210576
28065,GETAFE,28,MADRID,MADRID,no,1,193238
28074,LEGANÉS,28,MADRID,MADRID,no,1,195734
28079,MADRID,28,MADRID,MADRID,si,1,3506730
28080,MAJADAHONDA,28,MADRID,MADRID,no,2,172662
28092,MÓSTOLES,28,MADRID,MADRID,no,6,350652
28096,NAVALCARNERO,28,MADRID,MADRID,no,22,168655
28106,PARLA,28,MADRID,MADRID,no,2,194122
28115,POZUELO DE ALARCÓN,28,MADRID,MADRID,no,1,89770
28131,SAN LORENZO DE EL ESCORIAL,28,MADRID,MADRID,no,12,94883
28148,TORREJÓN DE ARDOZ,28,MADRID,MADRID,no,11,236302
28151,TORRELAGUNA,28,MADRID,MADRID,no,42,33971
28161,VALDEMORO,28,MADRID,MADRID,no,8,157196
29015,ANTEQUERA,29,MÁLAGA,ANDALUCÍA,no,12,84088
29017,ARCHIDONA,29,MÁLAGA,ANDALUCÍA,no,7,27559
29042,COÍN,29,MÁLAGA,ANDALUCÍA,no,5,62216
29051,ESTEPONA,29,MÁLAGA,ANDALUCÍA,no,3,106795
29054,FUENGIROLA,29,MÁLAGA,ANDALUCÍA,no,2,180315
29069,MARBELLA,29,MÁLAGA,ANDALUCÍA,no,4,175720
29067,MÁLAGA,29,MÁLAGA,ANDALUCÍA,si,18,778117
29084,RONDA,29,MÁLAGA,ANDALUCÍA,no,25,54901
29901,TORREMOLINOS,29,MÁLAGA,ANDALUCÍA,no,2,149667
29091,TORROX,29,MÁLAGA,ANDALUCÍA,no,8,61377
29094,VÉLEZ-MÁLAGA,29,MÁLAGA,ANDALUCÍA,no,17,110337
30015,CARAVACA DE LA CRUZ,30,MURCIA,MURCIA,no,4,58541
30016,CARTAGENA,30,MURCIA,MURCIA,no,3,261255
30019,CIEZA,30,MURCIA,MURCIA,no,9,80162
30022,JUMILLA,30,MURCIA,MURCIA,no,1,27574
30024,LORCA,30,MURCIA,MURCIA,no,3,154786
30027,MOLINA DE SEGURA,30,MURCIA,MURCIA,no,6,153508
30029,MULA,30,MURCIA,MURCIA,no,5,37521
30030,MURCIA,30,MURCIA,MURCIA,si,4,551306
30035,SAN JAVIER,30,MURCIA,MURCIA,no,4,128085
30039,TOTANA,30,MURCIA,MURCIA,no,5,99947
30043,YECLA,30,MURCIA,MURCIA,no,1,36453
31019,AOIZ/AGOITZ,31,NAVARRA,NAVARRA,no,64,76387
31097,ESTELLA-LIZARRA,31,NAVARRA,NAVARRA,no,72,65885
31201,PAMPLONA,31,NAVARRA,NAVARRA,si,86,389990
31227,TAFALLA,31,NAVARRA,NAVARRA,no,27,47970
31232,TUDELA,31,NAVARRA,NAVARRA,no,23,103268
32063,A POBRA DE TRIVES,32,OURENSE,GALICIA,no,11,10394
32006,BANDE,32,OURENSE,GALICIA,no,8,9596
32024,CELANOVA,32,OURENSE,GALICIA,no,7,14008
32009,O BARCO DE VALDEORRAS,32,OURENSE,GALICIA,no,7,23830
32019,O CARBALLIÑO,32,OURENSE,GALICIA,no,9,26269
32054,OURENSE,32,OURENSE,GALICIA,si,19,160529
32069,RIBADAVIA,32,OURENSE,GALICIA,no,11,15534
32085,VERÍN,32,OURENSE,GALICIA,no,10,26877
32032,XINZO DE LIMIA,32,OURENSE,GALICIA,no,10,18536
33004,AVILÉS,33,ASTURIAS,ASTURIAS,no,5,124755
33012,CANGAS DE ONÍS,33,ASTURIAS,ASTURIAS,no,6,18991
33011,CANGAS DEL NARCEA,33,ASTURIAS,ASTURIAS,no,3,13134
33017,CASTROPOL,33,ASTURIAS,ASTURIAS,no,11,17239
33024,GIJÓN,33,ASTURIAS,ASTURIAS,no,2,280186
33026,GRADO,33,ASTURIAS,ASTURIAS,no,7,19164
33031,LANGREO,33,ASTURIAS,ASTURIAS,no,1,38612
33032,LAVIANA,33,ASTURIAS,ASTURIAS,no,4,30158
33033,LENA,33,ASTURIAS,ASTURIAS,no,3,21535
33036,LLANES,33,ASTURIAS,ASTURIAS,no,5,18757
33037,MIERES,33,ASTURIAS,ASTURIAS,no,3,40519
33044,OVIEDO,33,ASTURIAS,ASTURIAS,si,5,242013
33049,PILOÑA,33,ASTURIAS,ASTURIAS,no,3,13054
33051,PRAVIA,33,ASTURIAS,ASTURIAS,no,5,20317
33066,SIERO,33,ASTURIAS,ASTURIAS,no,4,61071
33073,TINEO,33,ASTURIAS,ASTURIAS,no,2,10185
33034,VALDÉS,33,ASTURIAS,ASTURIAS,no,6,24831
33076,VILLAVICIOSA,33,ASTURIAS,ASTURIAS,no,3,19008
34047,CARRIÓN DE LOS CONDES,34,PALENCIA,CASTILLA Y LEÓN,no,65,15773
34056,CERVERA DE PISUERGA,34,PALENCIA,CASTILLA Y LEÓN,no,29,22261
34120,PALENCIA,34,PALENCIA,CASTILLA Y LEÓN,si,97,120653
35004,ARRECIFE,35,LAS PALMAS,CANARIAS,no,7,167406
35006,ARUCAS,35,LAS PALMAS,CANARIAS,no,6,66776
35016,LAS PALMAS DE GRAN CANARIA,35,LAS PALMAS,CANARIAS,si,3,408533
35017,PUERTO DEL ROSARIO,35,LAS PALMAS,CANARIAS,no,6,129541
35019,SAN BARTOLOMÉ DE TIRAJANA,35,LAS PALMAS,CANARIAS,no,3,154047
35023,SANTA MARÍA DE GUÍA DE GRAN CANARIA,35,LAS PALMAS,CANARIAS,no,5,60510
35026,TELDE,35,LAS PALMAS,CANARIAS,no,4,180742
36017,A ESTRADA,36,PONTEVEDRA,GALICIA,no,2,23179
36005,CALDAS DE REIS,36,PONTEVEDRA,GALICIA,no,8,35159
36006,CAMBADOS,36,PONTEVEDRA,GALICIA,no,6,57707
36008,CANGAS,36,PONTEVEDRA,GALICIA,no,3,51887
36024,LALÍN,36,PONTEVEDRA,GALICIA,no,6,39594
36026,MARÍN,36,PONTEVEDRA,GALICIA,no,2,35827
36039,O PORRIÑO,36,PONTEVEDRA,GALICIA,no,3,45607
36042,PONTEAREAS,36,PONTEVEDRA,GALICIA,no,9,54669
36038,PONTEVEDRA,36,PONTEVEDRA,GALICIA,si,5,114467
36045,REDONDELA,36,PONTEVEDRA,GALICIA,no,4,41123
36055,TUI,36,PONTEVEDRA,GALICIA,no,5,50786
36057,VIGO,36,PONTEVEDRA,GALICIA,no,4,340090
36060,VILAGARCÍA DE AROUSA,36,PONTEVEDRA,GALICIA,no,4,56130
37046,BÉJAR,37,SALAMANCA,CASTILLA Y LEÓN,no,73,31330
37107,CIUDAD RODRIGO,37,SALAMANCA,CASTILLA Y LEÓN,no,58,24156
37246,PEÑARANDA DE BRACAMONTE,37,SALAMANCA,CASTILLA Y LEÓN,no,33,17283
37274,SALAMANCA,37,SALAMANCA,CASTILLA Y LEÓN,si,142,241921
37376,VITIGUDINO,37,SALAMANCA,CASTILLA Y LEÓN,no,56,14089
38006,ARONA,38,SANTA CRUZ DE TENERIFE,CANARIAS,no,4,173050
38017,GRANADILLA DE ABONA,38,SANTA CRUZ DE TENERIFE,CANARIAS,no,4,94147
38020,GÜÍMAR,38,SANTA CRUZ DE TENERIFE,CANARIAS,no,4,60122
38022,ICOD DE LOS VINOS,38,SANTA CRUZ DE TENERIFE,CANARIAS,no,6,47478
38026,LA OROTAVA,38,SANTA CRUZ DE TENERIFE,CANARIAS,no,6,119334
38024,LOS LLANOS DE ARIDANE,38,SANTA CRUZ DE TENERIFE,CANARIAS,no,7,42479
38028,PUERTO DE LA CRUZ,38,SANTA CRUZ DE TENERIFE,CANARIAS,no,1,31137
38023,SAN CRISTÓBAL DE LA LAGUNA,38,SANTA CRUZ DE TENERIFE,CANARIAS,no,4,206562
38036,SAN SEBASTIÁN DE LA GOMERA,38,SANTA CRUZ DE TENERIFE,CANARIAS,no,6,22442
38037,SANTA CRUZ DE LA PALMA,38,SANTA CRUZ DE TENERIFE,CANARIAS,no,7,43715
38038,SANTA CRUZ DE TENERIFE,38,SANTA CRUZ DE TENERIFE,CANARIAS,si,2,229915
38048,VALVERDE,38,SANTA CRUZ DE TENERIFE,CANARIAS,no,3,12040
39020,CASTRO-URDIALES,39,CANTABRIA,CANTABRIA,no,3,36195
39035,LAREDO,39,CANTABRIA,CANTABRIA,no,11,36382
39042,MEDIO CUDEYO,39,CANTABRIA,CANTABRIA,no,20,52218
39059,REINOSA,39,CANTABRIA,CANTABRIA,no,11,17443
39080,SAN VICENTE DE LA BARQUERA,39,CANTABRIA,CANTABRIA,no,19,20408
39075,SANTANDER,39,CANTABRIA,CANTABRIA,si,6,269225
39079,SANTOÑA,39,CANTABRIA,CANTABRIA,no,12,37989
39087,TORRELAVEGA,39,CANTABRIA,CANTABRIA,no,20,124104
40063,CUÉLLAR,40,SEGOVIA,CASTILLA Y LEÓN,no,31,20351
40185,SANTA MARÍA LA REAL DE NIEVA,40,SEGOVIA,CASTILLA Y LEÓN,no,42,17806
40194,SEGOVIA,40,SEGOVIA,CASTILLA Y LEÓN,si,52,103068
40195,SEPÚLVEDA,40,SEGOVIA,CASTILLA Y LEÓN,no,84,17245
41004,ALCALÁ DE GUADAÍRA,41,SEVILLA,ANDALUCÍA,no,1,77474
41024,CARMONA,41,SEVILLA,ANDALUCÍA,no,3,74037
41032,CAZALLA DE LA SIERRA,41,SEVILLA,ANDALUCÍA,no,9,21565
41034,CORIA DEL RÍO,41,SEVILLA,ANDALUCÍA,no,5,64996
41038,DOS HERMANAS,41,SEVILLA,ANDALUCÍA,no,1,142519
41041,ESTEPA,41,SEVILLA,ANDALUCÍA,no,10,45787
41053,LEBRIJA,41,SEVILLA,ANDALUCÍA,no,3,52959
41055,LORA DEL RIO,41,SEVILLA,ANDALUCÍA,no,10,79230
41060,MARCHENA,41,SEVILLA,ANDALUCÍA,no,3,45713
41065,MORÓN DE LA FRONTERA,41,SEVILLA,ANDALUCÍA,no,5,48751
41068,OSUNA,41,SEVILLA,ANDALUCÍA,no,8,37621
41087,SANLÚCAR LA MAYOR,41,SEVILLA,ANDALUCÍA,no,16,121235
41091,SEVILLA,41,SEVILLA,ANDALUCÍA,si,23,1007949
41095,UTRERA,41,SEVILLA,ANDALUCÍA,no,5,101783
41039,ÉCIJA,41,SEVILLA,ANDALUCÍA,no,4,55005
42020,ALMAZÁN,42,SORIA,CASTILLA Y LEÓN,no,47,11546
42043,BURGO DE OSMA - CIUDAD DE OSMA,42,SORIA,CASTILLA Y LEÓN,no,34,13101
42173,SORIA,42,SORIA,CASTILLA Y LEÓN,si,102,65587
43014,AMPOSTA,43,TARRAGONA,CATALUÑA,no,12,72582
43163,EL VENDRELL,43,TARRAGONA,CATALUÑA,no,25,165992
43055,FALSET,43,TARRAGONA,CATALUÑA,no,31,20808
43064,GANDESA,43,TARRAGONA,CATALUÑA,no,18,22249
43123,REUS,43,TARRAGONA,CATALUÑA,no,28,206986
43148,TARRAGONA,43,TARRAGONA,CATALUÑA,si,13,234292
43155,TORTOSA,43,TARRAGONA,CATALUÑA,no,14,83594
43161,VALLS,43,TARRAGONA,CATALUÑA,no,43,68305
44013,ALCAÑIZ,44,TERUEL,ARAGÓN,no,59,54589
44050,CALAMOCHA,44,TERUEL,ARAGÓN,no,62,18901
44216,TERUEL,44,TERUEL,ARAGÓN,si,115,62707
45081,ILLESCAS,45,TOLEDO,CASTILLA-LA MANCHA,no,27,183445
45121,OCAÑA,45,TOLEDO,CASTILLA-LA MANCHA,no,16,55280
45124,ORGAZ,45,TOLEDO,CASTILLA-LA MANCHA,no,19,66733
45142,QUINTANAR DE LA ORDEN,45,TOLEDO,CASTILLA-LA MANCHA,no,11,45745
45165,TALAVERA DE LA REINA,45,TOLEDO,CASTILLA-LA MANCHA,no,65,141834
45168,TOLEDO,45,TOLEDO,CASTILLA-LA MANCHA,si,24,161960
45173,TORRIJOS,45,TOLEDO,CASTILLA-LA MANCHA,no,42,95818
46017,ALZIRA,46,VALENCIA/VALÈNCIA,COMUNITAT VALENCIANA,no,23,146517
46085,CARLET,46,VALENCIA/VALÈNCIA,COMUNITAT VALENCIANA,no,7,88434
46094,CATARRO4623548000000JA,46,VALENCIA/VALÈNCIA,COMUNITAT VALENCIANA,no,1,22270
46094,CATARROJA,46,VALENCIA/VALÈNCIA,COMUNITAT VALENCIANA,no,6,86279
46131,GANDIA,46,VALENCIA/VALÈNCIA,COMUNITAT VALENCIANA,no,28,165414
46147,LLIRIA,46,VALENCIA/VALÈNCIA,COMUNITAT VALENCIANA,no,41,195198
46164,MASSAMAGRELL,46,VALENCIA/VALÈNCIA,COMUNITAT VALENCIANA,no,8,82013
46169,MISLATA,46,VALENCIA/VALÈNCIA,COMUNITAT VALENCIANA,no,2,79172
46171,MONTCADA/MONCADA,46,VALENCIA/VALÈNCIA,COMUNITAT VALENCIANA,no,12,109493
46184,ONTINYENT,46,VALENCIA/VALÈNCIA,COMUNITAT VALENCIANA,no,34,89792
46190,PATERNA,46,VALENCIA/VALÈNCIA,COMUNITAT VALENCIANA,no,4,142043
46194,PICASSENT,46,VALENCIA/VALÈNCIA,COMUNITAT VALENCIANA,no,9,59992
46102,QUART DE POBLET,46,VALENCIA/VALÈNCIA,COMUNITAT VALENCIANA,no,2,59576
46213,REQUENA,46,VALENCIA/VALÈNCIA,COMUNITAT VALENCIANA,no,27,104405
46220,SAGUNTO/SAGUNT,46,VALENCIA/VALÈNCIA,COMUNITAT VALENCIANA,no,16,102642
46235,SUECA,46,VALENCIA/VALÈNCIA,COMUNITAT VALENCIANA,no,14,99141
46244,TORRENT,46,VALENCIA/VALÈNCIA,COMUNITAT VALENCIANA,no,5,195761
46250,VALÈNCIA,46,VALENCIA/VALÈNCIA,COMUNITAT VALENCIANA,si,1,840792
46145,XÀTIVA,46,VALENCIA/VALÈNCIA,COMUNITAT VALENCIANA,no,26,89699
47086,MEDINA DE RIOSECO,47,VALLADOLID,CASTILLA Y LEÓN,no,64,16735
47085,MEDINA DEL CAMPO,47,VALLADOLID,CASTILLA Y LEÓN,no,47,46809
47186,VALLADOLID,47,VALLADOLID,CASTILLA Y LEÓN,si,114,465297
48090,BALMASEDA,48,BIZKAIA,PAÍS VASCO,no,10,32466
48013,BARAKALDO,48,BIZKAIA,PAÍS VASCO,no,10,264662
48020,BILBAO,48,BIZKAIA,PAÍS VASCO,si,20,506610
48027,DURANGO,48,BIZKAIA,PAÍS VASCO,no,23,111221
48046,GERNIKA-LUMO,48,BIZKAIA,PAÍS VASCO,no,38,96637
48044,GETXO,48,BIZKAIA,PAÍS VASCO,no,12,155220
49021,BENAVENTE,49,ZAMORA,CASTILLA Y LEÓN,no,56,32960
49166,PUEBLA DE SANABRIA,49,ZAMORA,CASTILLA Y LEÓN,no,26,7606
49219,TORO,49,ZAMORA,CASTILLA Y LEÓN,no,26,16650
49250,VILLALPANDO,49,ZAMORA,CASTILLA Y LEÓN,no,30,7030
49275,ZAMORA,49,ZAMORA,CASTILLA Y LEÓN,si,110,101029
50067,CALATAYUD,50,ZARAGOZA,ARAGÓN,no,54,33235
50074,CASPE,50,ZARAGOZA,ARAGÓN,no,16,22377
50094,DAROCA,50,ZARAGOZA,ARAGÓN,no,46,11484
50095,EJEA DE LOS CABALLEROS,50,ZARAGOZA,ARAGÓN,no,39,32935
50025,LA ALMUNIA DE DOÑA GODINA,50,ZARAGOZA,ARAGÓN,no,38,40651
50251,TARAZONA,50,ZARAGOZA,ARAGÓN,no,31,23556
50297,ZARAGOZA,50,ZARAGOZA,ARAGÓN,si,69,827753
51001,CEUTA,51,CEUTA,CEUTA,si,1,83595
52001,MELILLA,52,MELILLA,MELILLA,si,1,86780
