ccaa,fecha,festividad,fuente,url
MADRID,2025-01-01,Año Nuevo,datos.comunidad.madrid – «Festivos regionales y locales histórico» (festivos_regionales_historicos.csv),https://datos.comunidad.madrid/catalogo/dataset/festivos_regionales_locales_historico
MADRID,2025-01-06,Epifanía del Señor,datos.comunidad.madrid – «Festivos regionales y locales histórico» (festivos_regionales_historicos.csv),https://datos.comunidad.madrid/catalogo/dataset/festivos_regionales_locales_historico
MADRID,2025-04-17,Jueves Santo,datos.comunidad.madrid – «Festivos regionales y locales histórico» (festivos_regionales_historicos.csv),https://datos.comunidad.madrid/catalogo/dataset/festivos_regionales_locales_historico
MADRID,2025-04-18,Viernes Santo,datos.comunidad.madrid – «Festivos regionales y locales histórico» (festivos_regionales_historicos.csv),https://datos.comunidad.madrid/catalogo/dataset/festivos_regionales_locales_historico
MADRID,2025-05-01,Fiesta del Trabajo,datos.comunidad.madrid – «Festivos regionales y locales histórico» (festivos_regionales_historicos.csv),https://datos.comunidad.madrid/catalogo/dataset/festivos_regionales_locales_historico
MADRID,2025-05-02,Fiesta Comunidad de Madrid,datos.comunidad.madrid – «Festivos regionales y locales histórico» (festivos_regionales_historicos.csv),https://datos.comunidad.madrid/catalogo/dataset/festivos_regionales_locales_historico
MADRID,2025-07-25,Santiago Apóstol,datos.comunidad.madrid – «Festivos regionales y locales histórico» (festivos_regionales_historicos.csv),https://datos.comunidad.madrid/catalogo/dataset/festivos_regionales_locales_historico
MADRID,2025-08-15,Asunción de la Virgen,datos.comunidad.madrid – «Festivos regionales y locales histórico» (festivos_regionales_historicos.csv),https://datos.comunidad.madrid/catalogo/dataset/festivos_regionales_locales_historico
MADRID,2025-11-01,Todos los Santos,datos.comunidad.madrid – «Festivos regionales y locales histórico» (festivos_regionales_historicos.csv),https://datos.comunidad.madrid/catalogo/dataset/festivos_regionales_locales_historico
MADRID,2025-12-06,Día de la Constitución Española,datos.comunidad.madrid – «Festivos regionales y locales histórico» (festivos_regionales_historicos.csv),https://datos.comunidad.madrid/catalogo/dataset/festivos_regionales_locales_historico
MADRID,2025-12-08,Inmaculada Concepción,datos.comunidad.madrid – «Festivos regionales y locales histórico» (festivos_regionales_historicos.csv),https://datos.comunidad.madrid/catalogo/dataset/festivos_regionales_locales_historico
MADRID,2025-12-25,Natividad del Señor,datos.comunidad.madrid – «Festivos regionales y locales histórico» (festivos_regionales_historicos.csv),https://datos.comunidad.madrid/catalogo/dataset/festivos_regionales_locales_historico
MADRID,2026-01-01,Año Nuevo,"BOCM núm. 228, 25/09/2025 – Decreto 75/2025, de 24 de septiembre, del Consejo de Gobierno (fiestas laborales 2026); dataset datos.comunidad.madrid festivos_regionales.csv",https://www.bocm.es/boletin/CM_Orden_BOCM/2025/09/25/BOCM-20250925-16.PDF
MADRID,2026-01-06,Epifanía del Señor,"BOCM núm. 228, 25/09/2025 – Decreto 75/2025, de 24 de septiembre, del Consejo de Gobierno (fiestas laborales 2026); dataset datos.comunidad.madrid festivos_regionales.csv",https://www.bocm.es/boletin/CM_Orden_BOCM/2025/09/25/BOCM-20250925-16.PDF
MADRID,2026-04-02,Jueves Santo,"BOCM núm. 228, 25/09/2025 – Decreto 75/2025, de 24 de septiembre, del Consejo de Gobierno (fiestas laborales 2026); dataset datos.comunidad.madrid festivos_regionales.csv",https://www.bocm.es/boletin/CM_Orden_BOCM/2025/09/25/BOCM-20250925-16.PDF
MADRID,2026-04-03,Viernes Santo,"BOCM núm. 228, 25/09/2025 – Decreto 75/2025, de 24 de septiembre, del Consejo de Gobierno (fiestas laborales 2026); dataset datos.comunidad.madrid festivos_regionales.csv",https://www.bocm.es/boletin/CM_Orden_BOCM/2025/09/25/BOCM-20250925-16.PDF
MADRID,2026-05-01,Fiesta del Trabajo,"BOCM núm. 228, 25/09/2025 – Decreto 75/2025, de 24 de septiembre, del Consejo de Gobierno (fiestas laborales 2026); dataset datos.comunidad.madrid festivos_regionales.csv",https://www.bocm.es/boletin/CM_Orden_BOCM/2025/09/25/BOCM-20250925-16.PDF
MADRID,2026-05-02,Fiesta Comunidad de Madrid,"BOCM núm. 228, 25/09/2025 – Decreto 75/2025, de 24 de septiembre, del Consejo de Gobierno (fiestas laborales 2026); dataset datos.comunidad.madrid festivos_regionales.csv",https://www.bocm.es/boletin/CM_Orden_BOCM/2025/09/25/BOCM-20250925-16.PDF
MADRID,2026-08-15,Asunción de la Virgen,"BOCM núm. 228, 25/09/2025 – Decreto 75/2025, de 24 de septiembre, del Consejo de Gobierno (fiestas laborales 2026); dataset datos.comunidad.madrid festivos_regionales.csv",https://www.bocm.es/boletin/CM_Orden_BOCM/2025/09/25/BOCM-20250925-16.PDF
MADRID,2026-10-12,Fiesta Nacional de España,"BOCM núm. 228, 25/09/2025 – Decreto 75/2025, de 24 de septiembre, del Consejo de Gobierno (fiestas laborales 2026); dataset datos.comunidad.madrid festivos_regionales.csv",https://www.bocm.es/boletin/CM_Orden_BOCM/2025/09/25/BOCM-20250925-16.PDF
MADRID,2026-11-02,Todos los Santos,"BOCM núm. 228, 25/09/2025 – Decreto 75/2025, de 24 de septiembre, del Consejo de Gobierno (fiestas laborales 2026); dataset datos.comunidad.madrid festivos_regionales.csv",https://www.bocm.es/boletin/CM_Orden_BOCM/2025/09/25/BOCM-20250925-16.PDF
MADRID,2026-12-07,Día de la Constitución Española,"BOCM núm. 228, 25/09/2025 – Decreto 75/2025, de 24 de septiembre, del Consejo de Gobierno (fiestas laborales 2026); dataset datos.comunidad.madrid festivos_regionales.csv",https://www.bocm.es/boletin/CM_Orden_BOCM/2025/09/25/BOCM-20250925-16.PDF
MADRID,2026-12-08,Inmaculada Concepción,"BOCM núm. 228, 25/09/2025 – Decreto 75/2025, de 24 de septiembre, del Consejo de Gobierno (fiestas laborales 2026); dataset datos.comunidad.madrid festivos_regionales.csv",https://www.bocm.es/boletin/CM_Orden_BOCM/2025/09/25/BOCM-20250925-16.PDF
MADRID,2026-12-25,Natividad del Señor,"BOCM núm. 228, 25/09/2025 – Decreto 75/2025, de 24 de septiembre, del Consejo de Gobierno (fiestas laborales 2026); dataset datos.comunidad.madrid festivos_regionales.csv",https://www.bocm.es/boletin/CM_Orden_BOCM/2025/09/25/BOCM-20250925-16.PDF
MADRID,2027-01-01,Año Nuevo,"BOCM núm. 234, 01/10/2026 – Decreto 82/2026, de 30 de septiembre, del Consejo de Gobierno (fiestas laborales 2027)",https://www.bocm.es/boletin/CM_Orden_BOCM/2026/10/01/BOCM-20261001-19.PDF
MADRID,2027-01-06,Epifanía del Señor,"BOCM núm. 234, 01/10/2026 – Decreto 82/2026, de 30 de septiembre, del Consejo de Gobierno (fiestas laborales 2027)",https://www.bocm.es/boletin/CM_Orden_BOCM/2026/10/01/BOCM-20261001-19.PDF
MADRID,2027-03-19,San José,"BOCM núm. 234, 01/10/2026 – Decreto 82/2026, de 30 de septiembre, del Consejo de Gobierno (fiestas laborales 2027)",https://www.bocm.es/boletin/CM_Orden_BOCM/2026/10/01/BOCM-20261001-19.PDF
MADRID,2027-03-25,Jueves Santo,"BOCM núm. 234, 01/10/2026 – Decreto 82/2026, de 30 de septiembre, del Consejo de Gobierno (fiestas laborales 2027)",https://www.bocm.es/boletin/CM_Orden_BOCM/2026/10/01/BOCM-20261001-19.PDF
MADRID,2027-03-26,Viernes Santo,"BOCM núm. 234, 01/10/2026 – Decreto 82/2026, de 30 de septiembre, del Consejo de Gobierno (fiestas laborales 2027)",https://www.bocm.es/boletin/CM_Orden_BOCM/2026/10/01/BOCM-20261001-19.PDF
MADRID,2027-05-01,Fiesta del Trabajo,"BOCM núm. 234, 01/10/2026 – Decreto 82/2026, de 30 de septiembre, del Consejo de Gobierno (fiestas laborales 2027)",https://www.bocm.es/boletin/CM_Orden_BOCM/2026/10/01/BOCM-20261001-19.PDF
MADRID,2027-08-16,Traslado de la Asunción de la Virgen,"BOCM núm. 234, 01/10/2026 – Decreto 82/2026, de 30 de septiembre, del Consejo de Gobierno (fiestas laborales 2027)",https://www.bocm.es/boletin/CM_Orden_BOCM/2026/10/01/BOCM-20261001-19.PDF
MADRID,2027-10-12,Fiesta Nacional de España,"BOCM núm. 234, 01/10/2026 – Decreto 82/2026, de 30 de septiembre, del Consejo de Gobierno (fiestas laborales 2027)",https://www.bocm.es/boletin/CM_Orden_BOCM/2026/10/01/BOCM-20261001-19.PDF
MADRID,2027-11-01,Día de Todos los Santos,"BOCM núm. 234, 01/10/2026 – Decreto 82/2026, de 30 de septiembre, del Consejo de Gobierno (fiestas laborales 2027)",https://www.bocm.es/boletin/CM_Orden_BOCM/2026/10/01/BOCM-20261001-19.PDF
MADRID,2027-12-06,Día de la Constitución Española,"BOCM núm. 234, 01/10/2026 – Decreto 82/2026, de 30 de septiembre, del Consejo de Gobierno (fiestas laborales 2027)",https://www.bocm.es/boletin/CM_Orden_BOCM/2026/10/01/BOCM-20261001-19.PDF
MADRID,2027-12-08,Inmaculada Concepción,"BOCM núm. 234, 01/10/2026 – Decreto 82/2026, de 30 de septiembre, del Consejo de Gobierno (fiestas laborales 2027)",https://www.bocm.es/boletin/CM_Orden_BOCM/2026/10/01/BOCM-20261001-19.PDF
MADRID,2027-12-25,Natividad del Señor,"BOCM núm. 234, 01/10/2026 – Decreto 82/2026, de 30 de septiembre, del Consejo de Gobierno (fiestas laborales 2027)",https://www.bocm.es/boletin/CM_Orden_BOCM/2026/10/01/BOCM-20261001-19.PDF
CASTILLA-LA MANCHA,2026-01-01,Año Nuevo,"DOCM núm. 121, 26/06/2025 – Decreto 44/2025, de 17 de junio (calendario laboral 2026) [2025/5159]",https://docm.jccm.es/portaldocm/descargarArchivo.do?ruta=2025/06/26/pdf/2025_5159.pdf&tipo=rutaDocm
CASTILLA-LA MANCHA,2026-01-06,Epifanía del Señor,"DOCM núm. 121, 26/06/2025 – Decreto 44/2025, de 17 de junio (calendario laboral 2026) [2025/5159]",https://docm.jccm.es/portaldocm/descargarArchivo.do?ruta=2025/06/26/pdf/2025_5159.pdf&tipo=rutaDocm
CASTILLA-LA MANCHA,2026-04-02,Jueves Santo,"DOCM núm. 121, 26/06/2025 – Decreto 44/2025, de 17 de junio (calendario laboral 2026) [2025/5159]",https://docm.jccm.es/portaldocm/descargarArchivo.do?ruta=2025/06/26/pdf/2025_5159.pdf&tipo=rutaDocm
CASTILLA-LA MANCHA,2026-04-03,Viernes Santo,"DOCM núm. 121, 26/06/2025 – Decreto 44/2025, de 17 de junio (calendario laboral 2026) [2025/5159]",https://docm.jccm.es/portaldocm/descargarArchivo.do?ruta=2025/06/26/pdf/2025_5159.pdf&tipo=rutaDocm
CASTILLA-LA MANCHA,2026-04-06,"Lunes de Pascua (en sustitución de San José, 19 de marzo)","DOCM núm. 121, 26/06/2025 – Decreto 44/2025, de 17 de junio (calendario laboral 2026) [2025/5159]",https://docm.jccm.es/portaldocm/descargarArchivo.do?ruta=2025/06/26/pdf/2025_5159.pdf&tipo=rutaDocm
CASTILLA-LA MANCHA,2026-05-01,Fiesta del Trabajo,"DOCM núm. 121, 26/06/2025 – Decreto 44/2025, de 17 de junio (calendario laboral 2026) [2025/5159]",https://docm.jccm.es/portaldocm/descargarArchivo.do?ruta=2025/06/26/pdf/2025_5159.pdf&tipo=rutaDocm
CASTILLA-LA MANCHA,2026-06-04,"Corpus Christi (en sustitución del Día de la Constitución, 6 de diciembre)","DOCM núm. 121, 26/06/2025 – Decreto 44/2025, de 17 de junio (calendario laboral 2026) [2025/5159]",https://docm.jccm.es/portaldocm/descargarArchivo.do?ruta=2025/06/26/pdf/2025_5159.pdf&tipo=rutaDocm
CASTILLA-LA MANCHA,2026-08-15,Asunción de la Virgen,"DOCM núm. 121, 26/06/2025 – Decreto 44/2025, de 17 de junio (calendario laboral 2026) [2025/5159]",https://docm.jccm.es/portaldocm/descargarArchivo.do?ruta=2025/06/26/pdf/2025_5159.pdf&tipo=rutaDocm
CASTILLA-LA MANCHA,2026-10-12,Fiesta Nacional de España,"DOCM núm. 121, 26/06/2025 – Decreto 44/2025, de 17 de junio (calendario laboral 2026) [2025/5159]",https://docm.jccm.es/portaldocm/descargarArchivo.do?ruta=2025/06/26/pdf/2025_5159.pdf&tipo=rutaDocm
CASTILLA-LA MANCHA,2026-11-02,Lunes siguiente a Todos los Santos (en sustitución del 1 de noviembre),"DOCM núm. 121, 26/06/2025 – Decreto 44/2025, de 17 de junio (calendario laboral 2026) [2025/5159]",https://docm.jccm.es/portaldocm/descargarArchivo.do?ruta=2025/06/26/pdf/2025_5159.pdf&tipo=rutaDocm
CASTILLA-LA MANCHA,2026-12-08,Inmaculada Concepción,"DOCM núm. 121, 26/06/2025 – Decreto 44/2025, de 17 de junio (calendario laboral 2026) [2025/5159]",https://docm.jccm.es/portaldocm/descargarArchivo.do?ruta=2025/06/26/pdf/2025_5159.pdf&tipo=rutaDocm
CASTILLA-LA MANCHA,2026-12-25,Natividad del Señor,"DOCM núm. 121, 26/06/2025 – Decreto 44/2025, de 17 de junio (calendario laboral 2026) [2025/5159]",https://docm.jccm.es/portaldocm/descargarArchivo.do?ruta=2025/06/26/pdf/2025_5159.pdf&tipo=rutaDocm
CASTILLA-LA MANCHA,2027-01-01,Año Nuevo,"DOCM núm. 131, 13/07/2026 – Decreto 34/2026, de 23 de junio (calendario laboral 2027) [2026/5228]",https://docm.jccm.es/docm/descargarArchivo.do?ruta=2026/07/13/pdf/2026_5228.pdf&tipo=rutaDocm
CASTILLA-LA MANCHA,2027-01-06,Epifanía del Señor,"DOCM núm. 131, 13/07/2026 – Decreto 34/2026, de 23 de junio (calendario laboral 2027) [2026/5228]",https://docm.jccm.es/docm/descargarArchivo.do?ruta=2026/07/13/pdf/2026_5228.pdf&tipo=rutaDocm
CASTILLA-LA MANCHA,2027-03-25,Jueves Santo,"DOCM núm. 131, 13/07/2026 – Decreto 34/2026, de 23 de junio (calendario laboral 2027) [2026/5228]",https://docm.jccm.es/docm/descargarArchivo.do?ruta=2026/07/13/pdf/2026_5228.pdf&tipo=rutaDocm
CASTILLA-LA MANCHA,2027-03-26,Viernes Santo,"DOCM núm. 131, 13/07/2026 – Decreto 34/2026, de 23 de junio (calendario laboral 2027) [2026/5228]",https://docm.jccm.es/docm/descargarArchivo.do?ruta=2026/07/13/pdf/2026_5228.pdf&tipo=rutaDocm
CASTILLA-LA MANCHA,2027-05-01,Fiesta del Trabajo,"DOCM núm. 131, 13/07/2026 – Decreto 34/2026, de 23 de junio (calendario laboral 2027) [2026/5228]",https://docm.jccm.es/docm/descargarArchivo.do?ruta=2026/07/13/pdf/2026_5228.pdf&tipo=rutaDocm
CASTILLA-LA MANCHA,2027-05-27,"Corpus Christi (en sustitución de San José, 19 de marzo)","DOCM núm. 131, 13/07/2026 – Decreto 34/2026, de 23 de junio (calendario laboral 2027) [2026/5228]",https://docm.jccm.es/docm/descargarArchivo.do?ruta=2026/07/13/pdf/2026_5228.pdf&tipo=rutaDocm
CASTILLA-LA MANCHA,2027-05-31,"Día de Castilla-La Mancha (en sustitución de la Asunción, 15 de agosto, domingo)","DOCM núm. 131, 13/07/2026 – Decreto 34/2026, de 23 de junio (calendario laboral 2027) [2026/5228]",https://docm.jccm.es/docm/descargarArchivo.do?ruta=2026/07/13/pdf/2026_5228.pdf&tipo=rutaDocm
CASTILLA-LA MANCHA,2027-10-12,Fiesta Nacional,"DOCM núm. 131, 13/07/2026 – Decreto 34/2026, de 23 de junio (calendario laboral 2027) [2026/5228]",https://docm.jccm.es/docm/descargarArchivo.do?ruta=2026/07/13/pdf/2026_5228.pdf&tipo=rutaDocm
CASTILLA-LA MANCHA,2027-11-01,Día de Todos los Santos,"DOCM núm. 131, 13/07/2026 – Decreto 34/2026, de 23 de junio (calendario laboral 2027) [2026/5228]",https://docm.jccm.es/docm/descargarArchivo.do?ruta=2026/07/13/pdf/2026_5228.pdf&tipo=rutaDocm
CASTILLA-LA MANCHA,2027-12-06,Día de la Constitución Española,"DOCM núm. 131, 13/07/2026 – Decreto 34/2026, de 23 de junio (calendario laboral 2027) [2026/5228]",https://docm.jccm.es/docm/descargarArchivo.do?ruta=2026/07/13/pdf/2026_5228.pdf&tipo=rutaDocm
CASTILLA-LA MANCHA,2027-12-08,Inmaculada Concepción,"DOCM núm. 131, 13/07/2026 – Decreto 34/2026, de 23 de junio (calendario laboral 2027) [2026/5228]",https://docm.jccm.es/docm/descargarArchivo.do?ruta=2026/07/13/pdf/2026_5228.pdf&tipo=rutaDocm
CASTILLA-LA MANCHA,2027-12-25,Natividad del Señor,"DOCM núm. 131, 13/07/2026 – Decreto 34/2026, de 23 de junio (calendario laboral 2027) [2026/5228]",https://docm.jccm.es/docm/descargarArchivo.do?ruta=2026/07/13/pdf/2026_5228.pdf&tipo=rutaDocm
ARAGÓN,2025-01-01,Año Nuevo,opendata.aragon.es – «Calendario de festivos en comunidad de Aragón 2025» (ar-open-data-festivos-comunidad-2025.xls),https://opendata.aragon.es/datos/catalogo/dataset/calendario-de-festivos-en-comunidad-de-aragon-2025
ARAGÓN,2025-01-06,Epifanía del Señor,opendata.aragon.es – «Calendario de festivos en comunidad de Aragón 2025» (ar-open-data-festivos-comunidad-2025.xls),https://opendata.aragon.es/datos/catalogo/dataset/calendario-de-festivos-en-comunidad-de-aragon-2025
ARAGÓN,2025-04-17,Jueves Santo,opendata.aragon.es – «Calendario de festivos en comunidad de Aragón 2025» (ar-open-data-festivos-comunidad-2025.xls),https://opendata.aragon.es/datos/catalogo/dataset/calendario-de-festivos-en-comunidad-de-aragon-2025
ARAGÓN,2025-04-18,Viernes Santo,opendata.aragon.es – «Calendario de festivos en comunidad de Aragón 2025» (ar-open-data-festivos-comunidad-2025.xls),https://opendata.aragon.es/datos/catalogo/dataset/calendario-de-festivos-en-comunidad-de-aragon-2025
ARAGÓN,2025-04-23,"San Jorge, Día de Aragón",opendata.aragon.es – «Calendario de festivos en comunidad de Aragón 2025» (ar-open-data-festivos-comunidad-2025.xls),https://opendata.aragon.es/datos/catalogo/dataset/calendario-de-festivos-en-comunidad-de-aragon-2025
ARAGÓN,2025-05-01,Fiesta del Trabajo,opendata.aragon.es – «Calendario de festivos en comunidad de Aragón 2025» (ar-open-data-festivos-comunidad-2025.xls),https://opendata.aragon.es/datos/catalogo/dataset/calendario-de-festivos-en-comunidad-de-aragon-2025
ARAGÓN,2025-08-15,Asunción de la Virgen,opendata.aragon.es – «Calendario de festivos en comunidad de Aragón 2025» (ar-open-data-festivos-comunidad-2025.xls),https://opendata.aragon.es/datos/catalogo/dataset/calendario-de-festivos-en-comunidad-de-aragon-2025
ARAGÓN,2025-10-13,"En sustitución del día 12, domingo, Fiesta Nacional de España",opendata.aragon.es – «Calendario de festivos en comunidad de Aragón 2025» (ar-open-data-festivos-comunidad-2025.xls),https://opendata.aragon.es/datos/catalogo/dataset/calendario-de-festivos-en-comunidad-de-aragon-2025
ARAGÓN,2025-11-01,Todos los Santos,opendata.aragon.es – «Calendario de festivos en comunidad de Aragón 2025» (ar-open-data-festivos-comunidad-2025.xls),https://opendata.aragon.es/datos/catalogo/dataset/calendario-de-festivos-en-comunidad-de-aragon-2025
ARAGÓN,2025-12-06,Día de la Constitución Española,opendata.aragon.es – «Calendario de festivos en comunidad de Aragón 2025» (ar-open-data-festivos-comunidad-2025.xls),https://opendata.aragon.es/datos/catalogo/dataset/calendario-de-festivos-en-comunidad-de-aragon-2025
ARAGÓN,2025-12-08,Inmaculada Concepción,opendata.aragon.es – «Calendario de festivos en comunidad de Aragón 2025» (ar-open-data-festivos-comunidad-2025.xls),https://opendata.aragon.es/datos/catalogo/dataset/calendario-de-festivos-en-comunidad-de-aragon-2025
ARAGÓN,2025-12-25,Natividad del Señor,opendata.aragon.es – «Calendario de festivos en comunidad de Aragón 2025» (ar-open-data-festivos-comunidad-2025.xls),https://opendata.aragon.es/datos/catalogo/dataset/calendario-de-festivos-en-comunidad-de-aragon-2025
ARAGÓN,2026-01-01,Año Nuevo,"BOA núm. 135, 16/07/2025 – Decreto 70/2025, de 9 de julio, del Gobierno de Aragón (fiestas laborales 2026); dataset opendata.aragon.es festivos_aragon_2026_ccaa.csv",https://www.boa.aragon.es/cgi-bin/EBOA/BRSCGI?CMD=VEROBJ&MLKOB=1403827540808
ARAGÓN,2026-01-06,Epifanía del Señor,"BOA núm. 135, 16/07/2025 – Decreto 70/2025, de 9 de julio, del Gobierno de Aragón (fiestas laborales 2026); dataset opendata.aragon.es festivos_aragon_2026_ccaa.csv",https://www.boa.aragon.es/cgi-bin/EBOA/BRSCGI?CMD=VEROBJ&MLKOB=1403827540808
ARAGÓN,2026-04-02,Jueves Santo,"BOA núm. 135, 16/07/2025 – Decreto 70/2025, de 9 de julio, del Gobierno de Aragón (fiestas laborales 2026); dataset opendata.aragon.es festivos_aragon_2026_ccaa.csv",https://www.boa.aragon.es/cgi-bin/EBOA/BRSCGI?CMD=VEROBJ&MLKOB=1403827540808
ARAGÓN,2026-04-03,Viernes Santo,"BOA núm. 135, 16/07/2025 – Decreto 70/2025, de 9 de julio, del Gobierno de Aragón (fiestas laborales 2026); dataset opendata.aragon.es festivos_aragon_2026_ccaa.csv",https://www.boa.aragon.es/cgi-bin/EBOA/BRSCGI?CMD=VEROBJ&MLKOB=1403827540808
ARAGÓN,2026-04-23,"San Jorge, Día de Aragón","BOA núm. 135, 16/07/2025 – Decreto 70/2025, de 9 de julio, del Gobierno de Aragón (fiestas laborales 2026); dataset opendata.aragon.es festivos_aragon_2026_ccaa.csv",https://www.boa.aragon.es/cgi-bin/EBOA/BRSCGI?CMD=VEROBJ&MLKOB=1403827540808
ARAGÓN,2026-05-01,Fiesta del Trabajo,"BOA núm. 135, 16/07/2025 – Decreto 70/2025, de 9 de julio, del Gobierno de Aragón (fiestas laborales 2026); dataset opendata.aragon.es festivos_aragon_2026_ccaa.csv",https://www.boa.aragon.es/cgi-bin/EBOA/BRSCGI?CMD=VEROBJ&MLKOB=1403827540808
ARAGÓN,2026-08-15,Asunción de la Virgen,"BOA núm. 135, 16/07/2025 – Decreto 70/2025, de 9 de julio, del Gobierno de Aragón (fiestas laborales 2026); dataset opendata.aragon.es festivos_aragon_2026_ccaa.csv",https://www.boa.aragon.es/cgi-bin/EBOA/BRSCGI?CMD=VEROBJ&MLKOB=1403827540808
ARAGÓN,2026-10-12,Fiesta Nacional de España,"BOA núm. 135, 16/07/2025 – Decreto 70/2025, de 9 de julio, del Gobierno de Aragón (fiestas laborales 2026); dataset opendata.aragon.es festivos_aragon_2026_ccaa.csv",https://www.boa.aragon.es/cgi-bin/EBOA/BRSCGI?CMD=VEROBJ&MLKOB=1403827540808
ARAGÓN,2026-11-02,"Todos los Santos (en sustitución del día 1, domingo)","BOA núm. 135, 16/07/2025 – Decreto 70/2025, de 9 de julio, del Gobierno de Aragón (fiestas laborales 2026); dataset opendata.aragon.es festivos_aragon_2026_ccaa.csv",https://www.boa.aragon.es/cgi-bin/EBOA/BRSCGI?CMD=VEROBJ&MLKOB=1403827540808
ARAGÓN,2026-12-07,"Día de la Constitución Española (en sustitución del día 6, domingo)","BOA núm. 135, 16/07/2025 – Decreto 70/2025, de 9 de julio, del Gobierno de Aragón (fiestas laborales 2026); dataset opendata.aragon.es festivos_aragon_2026_ccaa.csv",https://www.boa.aragon.es/cgi-bin/EBOA/BRSCGI?CMD=VEROBJ&MLKOB=1403827540808
ARAGÓN,2026-12-08,Inmaculada Concepción,"BOA núm. 135, 16/07/2025 – Decreto 70/2025, de 9 de julio, del Gobierno de Aragón (fiestas laborales 2026); dataset opendata.aragon.es festivos_aragon_2026_ccaa.csv",https://www.boa.aragon.es/cgi-bin/EBOA/BRSCGI?CMD=VEROBJ&MLKOB=1403827540808
ARAGÓN,2026-12-25,Natividad del Señor,"BOA núm. 135, 16/07/2025 – Decreto 70/2025, de 9 de julio, del Gobierno de Aragón (fiestas laborales 2026); dataset opendata.aragon.es festivos_aragon_2026_ccaa.csv",https://www.boa.aragon.es/cgi-bin/EBOA/BRSCGI?CMD=VEROBJ&MLKOB=1403827540808
ARAGÓN,2027-01-01,Año Nuevo,"BOA núm. 180, 16/09/2026 – Decreto 163/2026, de 9 de septiembre, del Gobierno de Aragón (fiestas laborales 2027)",https://www.boa.aragon.es/cgi-bin/EBOA/BRSCGI?CMD=VEROBJ&MLKOB=1466225130707
ARAGÓN,2027-01-06,Epifanía del Señor,"BOA núm. 180, 16/09/2026 – Decreto 163/2026, de 9 de septiembre, del Gobierno de Aragón (fiestas laborales 2027)",https://www.boa.aragon.es/cgi-bin/EBOA/BRSCGI?CMD=VEROBJ&MLKOB=1466225130707
ARAGÓN,2027-03-25,Jueves Santo,"BOA núm. 180, 16/09/2026 – Decreto 163/2026, de 9 de septiembre, del Gobierno de Aragón (fiestas laborales 2027)",https://www.boa.aragon.es/cgi-bin/EBOA/BRSCGI?CMD=VEROBJ&MLKOB=1466225130707
ARAGÓN,2027-03-26,Viernes Santo,"BOA núm. 180, 16/09/2026 – Decreto 163/2026, de 9 de septiembre, del Gobierno de Aragón (fiestas laborales 2027)",https://www.boa.aragon.es/cgi-bin/EBOA/BRSCGI?CMD=VEROBJ&MLKOB=1466225130707
ARAGÓN,2027-04-23,"San Jorge, Día de Aragón","BOA núm. 180, 16/09/2026 – Decreto 163/2026, de 9 de septiembre, del Gobierno de Aragón (fiestas laborales 2027)",https://www.boa.aragon.es/cgi-bin/EBOA/BRSCGI?CMD=VEROBJ&MLKOB=1466225130707
ARAGÓN,2027-05-01,Fiesta del Trabajo,"BOA núm. 180, 16/09/2026 – Decreto 163/2026, de 9 de septiembre, del Gobierno de Aragón (fiestas laborales 2027)",https://www.boa.aragon.es/cgi-bin/EBOA/BRSCGI?CMD=VEROBJ&MLKOB=1466225130707
ARAGÓN,2027-08-16,"Asunción de la Virgen (en sustitución del día 15, domingo)","BOA núm. 180, 16/09/2026 – Decreto 163/2026, de 9 de septiembre, del Gobierno de Aragón (fiestas laborales 2027)",https://www.boa.aragon.es/cgi-bin/EBOA/BRSCGI?CMD=VEROBJ&MLKOB=1466225130707
ARAGÓN,2027-10-12,Fiesta Nacional de España,"BOA núm. 180, 16/09/2026 – Decreto 163/2026, de 9 de septiembre, del Gobierno de Aragón (fiestas laborales 2027)",https://www.boa.aragon.es/cgi-bin/EBOA/BRSCGI?CMD=VEROBJ&MLKOB=1466225130707
ARAGÓN,2027-11-01,Todos los Santos,"BOA núm. 180, 16/09/2026 – Decreto 163/2026, de 9 de septiembre, del Gobierno de Aragón (fiestas laborales 2027)",https://www.boa.aragon.es/cgi-bin/EBOA/BRSCGI?CMD=VEROBJ&MLKOB=1466225130707
ARAGÓN,2027-12-06,Día de la Constitución Española,"BOA núm. 180, 16/09/2026 – Decreto 163/2026, de 9 de septiembre, del Gobierno de Aragón (fiestas laborales 2027)",https://www.boa.aragon.es/cgi-bin/EBOA/BRSCGI?CMD=VEROBJ&MLKOB=1466225130707
ARAGÓN,2027-12-08,Inmaculada Concepción,"BOA núm. 180, 16/09/2026 – Decreto 163/2026, de 9 de septiembre, del Gobierno de Aragón (fiestas laborales 2027)",https://www.boa.aragon.es/cgi-bin/EBOA/BRSCGI?CMD=VEROBJ&MLKOB=1466225130707
ARAGÓN,2027-12-25,Natividad del Señor,"BOA núm. 180, 16/09/2026 – Decreto 163/2026, de 9 de septiembre, del Gobierno de Aragón (fiestas laborales 2027)",https://www.boa.aragon.es/cgi-bin/EBOA/BRSCGI?CMD=VEROBJ&MLKOB=1466225130707
NAVARRA,2026-01-01,Año Nuevo,"BON núm. 129, 30/06/2025 – Resolución 390/2025, de 5 de junio, del DG de Economía Social y Trabajo (calendario oficial de fiestas laborales 2026)",https://bon.navarra.es/es/anuncio/-/texto/2025/129/11
NAVARRA,2026-01-06,Epifanía del Señor,"BON núm. 129, 30/06/2025 – Resolución 390/2025, de 5 de junio, del DG de Economía Social y Trabajo (calendario oficial de fiestas laborales 2026)",https://bon.navarra.es/es/anuncio/-/texto/2025/129/11
NAVARRA,2026-03-19,San José,"BON núm. 129, 30/06/2025 – Resolución 390/2025, de 5 de junio, del DG de Economía Social y Trabajo (calendario oficial de fiestas laborales 2026)",https://bon.navarra.es/es/anuncio/-/texto/2025/129/11
NAVARRA,2026-04-02,Jueves Santo,"BON núm. 129, 30/06/2025 – Resolución 390/2025, de 5 de junio, del DG de Economía Social y Trabajo (calendario oficial de fiestas laborales 2026)",https://bon.navarra.es/es/anuncio/-/texto/2025/129/11
NAVARRA,2026-04-03,Viernes Santo,"BON núm. 129, 30/06/2025 – Resolución 390/2025, de 5 de junio, del DG de Economía Social y Trabajo (calendario oficial de fiestas laborales 2026)",https://bon.navarra.es/es/anuncio/-/texto/2025/129/11
NAVARRA,2026-04-06,Lunes de Pascua,"BON núm. 129, 30/06/2025 – Resolución 390/2025, de 5 de junio, del DG de Economía Social y Trabajo (calendario oficial de fiestas laborales 2026)",https://bon.navarra.es/es/anuncio/-/texto/2025/129/11
NAVARRA,2026-05-01,Fiesta del Trabajo,"BON núm. 129, 30/06/2025 – Resolución 390/2025, de 5 de junio, del DG de Economía Social y Trabajo (calendario oficial de fiestas laborales 2026)",https://bon.navarra.es/es/anuncio/-/texto/2025/129/11
NAVARRA,2026-08-15,Asunción de la Virgen,"BON núm. 129, 30/06/2025 – Resolución 390/2025, de 5 de junio, del DG de Economía Social y Trabajo (calendario oficial de fiestas laborales 2026)",https://bon.navarra.es/es/anuncio/-/texto/2025/129/11
NAVARRA,2026-10-12,Fiesta Nacional de España,"BON núm. 129, 30/06/2025 – Resolución 390/2025, de 5 de junio, del DG de Economía Social y Trabajo (calendario oficial de fiestas laborales 2026)",https://bon.navarra.es/es/anuncio/-/texto/2025/129/11
NAVARRA,2026-11-02,Día siguiente a la Festividad de Todos los Santos,"BON núm. 129, 30/06/2025 – Resolución 390/2025, de 5 de junio, del DG de Economía Social y Trabajo (calendario oficial de fiestas laborales 2026)",https://bon.navarra.es/es/anuncio/-/texto/2025/129/11
NAVARRA,2026-12-03,San Francisco Javier (fiesta local común a toda Navarra),"BON núm. 129, 30/06/2025 – Resolución 390/2025, de 5 de junio, del DG de Economía Social y Trabajo (calendario oficial de fiestas laborales 2026)",https://bon.navarra.es/es/anuncio/-/texto/2025/129/11
NAVARRA,2026-12-08,Inmaculada Concepción,"BON núm. 129, 30/06/2025 – Resolución 390/2025, de 5 de junio, del DG de Economía Social y Trabajo (calendario oficial de fiestas laborales 2026)",https://bon.navarra.es/es/anuncio/-/texto/2025/129/11
NAVARRA,2026-12-25,Natividad del Señor,"BON núm. 129, 30/06/2025 – Resolución 390/2025, de 5 de junio, del DG de Economía Social y Trabajo (calendario oficial de fiestas laborales 2026)",https://bon.navarra.es/es/anuncio/-/texto/2025/129/11
NAVARRA,2027-01-01,Año Nuevo,"BON núm. 103, 28/05/2026 – Resolución 232/2026, de 13 de mayo, del DG de Economía Social y Trabajo (calendario oficial de fiestas laborales 2027)",https://bon.navarra.es/es/anuncio/-/texto/2026/103/23
NAVARRA,2027-01-06,Festividad de la Epifanía del Señor,"BON núm. 103, 28/05/2026 – Resolución 232/2026, de 13 de mayo, del DG de Economía Social y Trabajo (calendario oficial de fiestas laborales 2027)",https://bon.navarra.es/es/anuncio/-/texto/2026/103/23
NAVARRA,2027-03-19,San José,"BON núm. 103, 28/05/2026 – Resolución 232/2026, de 13 de mayo, del DG de Economía Social y Trabajo (calendario oficial de fiestas laborales 2027)",https://bon.navarra.es/es/anuncio/-/texto/2026/103/23
NAVARRA,2027-03-25,Jueves Santo,"BON núm. 103, 28/05/2026 – Resolución 232/2026, de 13 de mayo, del DG de Economía Social y Trabajo (calendario oficial de fiestas laborales 2027)",https://bon.navarra.es/es/anuncio/-/texto/2026/103/23
NAVARRA,2027-03-26,Viernes Santo,"BON núm. 103, 28/05/2026 – Resolución 232/2026, de 13 de mayo, del DG de Economía Social y Trabajo (calendario oficial de fiestas laborales 2027)",https://bon.navarra.es/es/anuncio/-/texto/2026/103/23
NAVARRA,2027-03-29,Lunes de Pascua,"BON núm. 103, 28/05/2026 – Resolución 232/2026, de 13 de mayo, del DG de Economía Social y Trabajo (calendario oficial de fiestas laborales 2027)",https://bon.navarra.es/es/anuncio/-/texto/2026/103/23
NAVARRA,2027-05-01,Fiesta del Trabajo,"BON núm. 103, 28/05/2026 – Resolución 232/2026, de 13 de mayo, del DG de Economía Social y Trabajo (calendario oficial de fiestas laborales 2027)",https://bon.navarra.es/es/anuncio/-/texto/2026/103/23
NAVARRA,2027-10-12,Fiesta Nacional de España,"BON núm. 103, 28/05/2026 – Resolución 232/2026, de 13 de mayo, del DG de Economía Social y Trabajo (calendario oficial de fiestas laborales 2027)",https://bon.navarra.es/es/anuncio/-/texto/2026/103/23
NAVARRA,2027-11-01,Festividad de Todos los Santos,"BON núm. 103, 28/05/2026 – Resolución 232/2026, de 13 de mayo, del DG de Economía Social y Trabajo (calendario oficial de fiestas laborales 2027)",https://bon.navarra.es/es/anuncio/-/texto/2026/103/23
NAVARRA,2027-12-03,"San Francisco Javier, Día de Navarra (fiesta local común a toda Navarra)","BON núm. 103, 28/05/2026 – Resolución 232/2026, de 13 de mayo, del DG de Economía Social y Trabajo (calendario oficial de fiestas laborales 2027)",https://bon.navarra.es/es/anuncio/-/texto/2026/103/23
NAVARRA,2027-12-06,Día de la Constitución,"BON núm. 103, 28/05/2026 – Resolución 232/2026, de 13 de mayo, del DG de Economía Social y Trabajo (calendario oficial de fiestas laborales 2027)",https://bon.navarra.es/es/anuncio/-/texto/2026/103/23
NAVARRA,2027-12-08,Inmaculada Concepción,"BON núm. 103, 28/05/2026 – Resolución 232/2026, de 13 de mayo, del DG de Economía Social y Trabajo (calendario oficial de fiestas laborales 2027)",https://bon.navarra.es/es/anuncio/-/texto/2026/103/23
NAVARRA,2027-12-25,Natividad del Señor,"BON núm. 103, 28/05/2026 – Resolución 232/2026, de 13 de mayo, del DG de Economía Social y Trabajo (calendario oficial de fiestas laborales 2027)",https://bon.navarra.es/es/anuncio/-/texto/2026/103/23
