ccaa,cpro,ine_municipio,municipio,fecha,festividad,fuente,url,calidad
EXTREMADURA,06,06011,ALMENDRALEJO,2026-04-25,Fiesta local,"DOE núm. 204, 23/10/2025 – Resolución de 15/10/2025, Dirección General de Trabajo (calendario oficial de fiestas locales 2026)",https://doe.juntaex.es/pdfs/doe/2025/2040o/25063799.pdf,oficial
EXTREMADURA,06,06011,ALMENDRALEJO,2026-08-14,Fiesta local,"DOE núm. 204, 23/10/2025 – Resolución de 15/10/2025, Dirección General de Trabajo (calendario oficial de fiestas locales 2026)",https://doe.juntaex.es/pdfs/doe/2025/2040o/25063799.pdf,oficial
EXTREMADURA,06,06015,BADAJOZ,2026-02-17,Fiesta local,"DOE núm. 204, 23/10/2025 – Resolución de 15/10/2025, Dirección General de Trabajo (calendario oficial de fiestas locales 2026)",https://doe.juntaex.es/pdfs/doe/2025/2040o/25063799.pdf,oficial
EXTREMADURA,06,06015,BADAJOZ,2026-06-24,Fiesta local,"DOE núm. 204, 23/10/2025 – Resolución de 15/10/2025, Dirección General de Trabajo (calendario oficial de fiestas locales 2026)",https://doe.juntaex.es/pdfs/doe/2025/2040o/25063799.pdf,oficial
EXTREMADURA,06,06036,CASTUERA,2026-02-02,Fiesta local,"DOE núm. 204, 23/10/2025 – Resolución de 15/10/2025, Dirección General de Trabajo (calendario oficial de fiestas locales 2026)",https://doe.juntaex.es/pdfs/doe/2025/2040o/25063799.pdf,oficial
EXTREMADURA,06,06036,CASTUERA,2026-05-15,Fiesta local,"DOE núm. 204, 23/10/2025 – Resolución de 15/10/2025, Dirección General de Trabajo (calendario oficial de fiestas locales 2026)",https://doe.juntaex.es/pdfs/doe/2025/2040o/25063799.pdf,oficial
EXTREMADURA,06,06044,DON BENITO,2026-04-06,Fiesta local,"DOE núm. 81, 29/04/2026 – Resolución de 17/04/2026, Dirección General de Trabajo (modifica anexo Res. 15/10/2025: Don Benito)",https://doe.juntaex.es/pdfs/doe/2026/810o/26060941.pdf,oficial
EXTREMADURA,06,06044,DON BENITO,2026-09-11,Fiesta local,"DOE núm. 81, 29/04/2026 – Resolución de 17/04/2026, Dirección General de Trabajo (modifica anexo Res. 15/10/2025: Don Benito)",https://doe.juntaex.es/pdfs/doe/2026/810o/26060941.pdf,oficial
EXTREMADURA,06,06050,FREGENAL DE LA SIERRA,2026-04-13,Fiesta local,"DOE núm. 204, 23/10/2025 – Resolución de 15/10/2025, Dirección General de Trabajo (calendario oficial de fiestas locales 2026)",https://doe.juntaex.es/pdfs/doe/2025/2040o/25063799.pdf,oficial
EXTREMADURA,06,06050,FREGENAL DE LA SIERRA,2026-04-20,Fiesta local,"DOE núm. 204, 23/10/2025 – Resolución de 15/10/2025, Dirección General de Trabajo (calendario oficial de fiestas locales 2026)",https://doe.juntaex.es/pdfs/doe/2025/2040o/25063799.pdf,oficial
EXTREMADURA,06,06063,HERRERA DEL DUQUE,2026-01-16,Fiesta local,"DOE núm. 204, 23/10/2025 – Resolución de 15/10/2025, Dirección General de Trabajo (calendario oficial de fiestas locales 2026)",https://doe.juntaex.es/pdfs/doe/2025/2040o/25063799.pdf,oficial
EXTREMADURA,06,06063,HERRERA DEL DUQUE,2026-05-15,Fiesta local,"DOE núm. 204, 23/10/2025 – Resolución de 15/10/2025, Dirección General de Trabajo (calendario oficial de fiestas locales 2026)",https://doe.juntaex.es/pdfs/doe/2025/2040o/25063799.pdf,oficial
EXTREMADURA,06,06070,JEREZ DE LOS CABALLEROS,2026-05-08,Fiesta local,"DOE núm. 204, 23/10/2025 – Resolución de 15/10/2025, Dirección General de Trabajo (calendario oficial de fiestas locales 2026)",https://doe.juntaex.es/pdfs/doe/2025/2040o/25063799.pdf,oficial
EXTREMADURA,06,06070,JEREZ DE LOS CABALLEROS,2026-08-24,Fiesta local,"DOE núm. 204, 23/10/2025 – Resolución de 15/10/2025, Dirección General de Trabajo (calendario oficial de fiestas locales 2026)",https://doe.juntaex.es/pdfs/doe/2025/2040o/25063799.pdf,oficial
EXTREMADURA,06,06074,LLERENA,2026-05-15,Fiesta local,"DOE núm. 204, 23/10/2025 – Resolución de 15/10/2025, Dirección General de Trabajo (calendario oficial de fiestas locales 2026)",https://doe.juntaex.es/pdfs/doe/2025/2040o/25063799.pdf,oficial
EXTREMADURA,06,06074,LLERENA,2026-09-25,Fiesta local,"DOE núm. 204, 23/10/2025 – Resolución de 15/10/2025, Dirección General de Trabajo (calendario oficial de fiestas locales 2026)",https://doe.juntaex.es/pdfs/doe/2025/2040o/25063799.pdf,oficial
EXTREMADURA,06,06088,MONTIJO,2026-05-15,Fiesta local,"DOE núm. 204, 23/10/2025 – Resolución de 15/10/2025, Dirección General de Trabajo (calendario oficial de fiestas locales 2026)",https://doe.juntaex.es/pdfs/doe/2025/2040o/25063799.pdf,oficial
EXTREMADURA,06,06088,MONTIJO,2026-09-09,Fiesta local,"DOE núm. 204, 23/10/2025 – Resolución de 15/10/2025, Dirección General de Trabajo (calendario oficial de fiestas locales 2026)",https://doe.juntaex.es/pdfs/doe/2025/2040o/25063799.pdf,oficial
EXTREMADURA,06,06083,MÉRIDA,2026-05-21,Fiesta local,"DOE núm. 204, 23/10/2025 – Resolución de 15/10/2025, Dirección General de Trabajo (calendario oficial de fiestas locales 2026)",https://doe.juntaex.es/pdfs/doe/2025/2040o/25063799.pdf,oficial
EXTREMADURA,06,06083,MÉRIDA,2026-12-10,Fiesta local,"DOE núm. 204, 23/10/2025 – Resolución de 15/10/2025, Dirección General de Trabajo (calendario oficial de fiestas locales 2026)",https://doe.juntaex.es/pdfs/doe/2025/2040o/25063799.pdf,oficial
EXTREMADURA,06,06095,OLIVENZA,2026-08-14,Fiesta local,"DOE núm. 204, 23/10/2025 – Resolución de 15/10/2025, Dirección General de Trabajo (calendario oficial de fiestas locales 2026)",https://doe.juntaex.es/pdfs/doe/2025/2040o/25063799.pdf,oficial
EXTREMADURA,06,06095,OLIVENZA,2026-09-07,Fiesta local,"DOE núm. 204, 23/10/2025 – Resolución de 15/10/2025, Dirección General de Trabajo (calendario oficial de fiestas locales 2026)",https://doe.juntaex.es/pdfs/doe/2025/2040o/25063799.pdf,oficial
EXTREMADURA,06,06149,VILLAFRANCA DE LOS BARROS,2026-05-15,Fiesta local,"DOE núm. 204, 23/10/2025 – Resolución de 15/10/2025, Dirección General de Trabajo (calendario oficial de fiestas locales 2026)",https://doe.juntaex.es/pdfs/doe/2025/2040o/25063799.pdf,oficial
EXTREMADURA,06,06149,VILLAFRANCA DE LOS BARROS,2026-07-16,Fiesta local,"DOE núm. 204, 23/10/2025 – Resolución de 15/10/2025, Dirección General de Trabajo (calendario oficial de fiestas locales 2026)",https://doe.juntaex.es/pdfs/doe/2025/2040o/25063799.pdf,oficial
EXTREMADURA,06,06153,VILLANUEVA DE LA SERENA,2026-04-06,Fiesta local,"DOE núm. 204, 23/10/2025 – Resolución de 15/10/2025, Dirección General de Trabajo (calendario oficial de fiestas locales 2026)",https://doe.juntaex.es/pdfs/doe/2025/2040o/25063799.pdf,oficial
EXTREMADURA,06,06153,VILLANUEVA DE LA SERENA,2026-07-25,Fiesta local,"DOE núm. 204, 23/10/2025 – Resolución de 15/10/2025, Dirección General de Trabajo (calendario oficial de fiestas locales 2026)",https://doe.juntaex.es/pdfs/doe/2025/2040o/25063799.pdf,oficial
EXTREMADURA,06,06158,ZAFRA,2026-05-15,Fiesta local,"DOE núm. 204, 23/10/2025 – Resolución de 15/10/2025, Dirección General de Trabajo (calendario oficial de fiestas locales 2026)",https://doe.juntaex.es/pdfs/doe/2025/2040o/25063799.pdf,oficial
EXTREMADURA,06,06158,ZAFRA,2026-10-06,Fiesta local,"DOE núm. 204, 23/10/2025 – Resolución de 15/10/2025, Dirección General de Trabajo (calendario oficial de fiestas locales 2026)",https://doe.juntaex.es/pdfs/doe/2025/2040o/25063799.pdf,oficial
EXTREMADURA,10,10067,CORIA,2026-05-11,Fiesta local,"DOE núm. 204, 23/10/2025 – Resolución de 15/10/2025, Dirección General de Trabajo (calendario oficial de fiestas locales 2026)",https://doe.juntaex.es/pdfs/doe/2025/2040o/25063799.pdf,oficial
EXTREMADURA,10,10067,CORIA,2026-06-24,Fiesta local,"DOE núm. 204, 23/10/2025 – Resolución de 15/10/2025, Dirección General de Trabajo (calendario oficial de fiestas locales 2026)",https://doe.juntaex.es/pdfs/doe/2025/2040o/25063799.pdf,oficial
EXTREMADURA,10,10037,CÁCERES,2026-04-23,Fiesta local,"DOE núm. 204, 23/10/2025 – Resolución de 15/10/2025, Dirección General de Trabajo (calendario oficial de fiestas locales 2026)",https://doe.juntaex.es/pdfs/doe/2025/2040o/25063799.pdf,oficial
EXTREMADURA,10,10037,CÁCERES,2026-05-29,Fiesta local,"DOE núm. 204, 23/10/2025 – Resolución de 15/10/2025, Dirección General de Trabajo (calendario oficial de fiestas locales 2026)",https://doe.juntaex.es/pdfs/doe/2025/2040o/25063799.pdf,oficial
EXTREMADURA,10,10109,LOGROSÁN,2026-04-06,Fiesta local,"DOE núm. 204, 23/10/2025 – Resolución de 15/10/2025, Dirección General de Trabajo (calendario oficial de fiestas locales 2026)",https://doe.juntaex.es/pdfs/doe/2025/2040o/25063799.pdf,oficial
EXTREMADURA,10,10109,LOGROSÁN,2026-08-10,Fiesta local,"DOE núm. 204, 23/10/2025 – Resolución de 15/10/2025, Dirección General de Trabajo (calendario oficial de fiestas locales 2026)",https://doe.juntaex.es/pdfs/doe/2025/2040o/25063799.pdf,oficial
EXTREMADURA,10,10131,NAVALMORAL DE LA MATA,2026-02-17,Fiesta local,"DOE núm. 204, 23/10/2025 – Resolución de 15/10/2025, Dirección General de Trabajo (calendario oficial de fiestas locales 2026)",https://doe.juntaex.es/pdfs/doe/2025/2040o/25063799.pdf,oficial
EXTREMADURA,10,10131,NAVALMORAL DE LA MATA,2026-02-18,Fiesta local,"DOE núm. 204, 23/10/2025 – Resolución de 15/10/2025, Dirección General de Trabajo (calendario oficial de fiestas locales 2026)",https://doe.juntaex.es/pdfs/doe/2025/2040o/25063799.pdf,oficial
EXTREMADURA,10,10148,PLASENCIA,2026-06-11,Fiesta local,"DOE núm. 204, 23/10/2025 – Resolución de 15/10/2025, Dirección General de Trabajo (calendario oficial de fiestas locales 2026)",https://doe.juntaex.es/pdfs/doe/2025/2040o/25063799.pdf,oficial
EXTREMADURA,10,10148,PLASENCIA,2026-06-12,Fiesta local,"DOE núm. 204, 23/10/2025 – Resolución de 15/10/2025, Dirección General de Trabajo (calendario oficial de fiestas locales 2026)",https://doe.juntaex.es/pdfs/doe/2025/2040o/25063799.pdf,oficial
EXTREMADURA,10,10195,TRUJILLO,2026-04-06,Fiesta local,"DOE núm. 204, 23/10/2025 – Resolución de 15/10/2025, Dirección General de Trabajo (calendario oficial de fiestas locales 2026)",https://doe.juntaex.es/pdfs/doe/2025/2040o/25063799.pdf,oficial
EXTREMADURA,10,10195,TRUJILLO,2026-09-07,Fiesta local,"DOE núm. 204, 23/10/2025 – Resolución de 15/10/2025, Dirección General de Trabajo (calendario oficial de fiestas locales 2026)",https://doe.juntaex.es/pdfs/doe/2025/2040o/25063799.pdf,oficial
EXTREMADURA,10,10203,VALENCIA DE ALCÁNTARA,2026-05-15,Fiesta local,"DOE núm. 204, 23/10/2025 – Resolución de 15/10/2025, Dirección General de Trabajo (calendario oficial de fiestas locales 2026)",https://doe.juntaex.es/pdfs/doe/2025/2040o/25063799.pdf,oficial
EXTREMADURA,10,10203,VALENCIA DE ALCÁNTARA,2026-08-24,Fiesta local,"DOE núm. 204, 23/10/2025 – Resolución de 15/10/2025, Dirección General de Trabajo (calendario oficial de fiestas locales 2026)",https://doe.juntaex.es/pdfs/doe/2025/2040o/25063799.pdf,oficial
GALICIA,15,15030,A CORUÑA,2026-02-17,Martes de Entroido,"Dataset «Calendario laboral 2026» (abertos.xunta.gal) = DOG núm. 210, 30/10/2025 – Resolución 21/10/2025 Secretaría Xeral de Emprego e Relacións Laborais",https://www.xunta.gal/dog/Publicados/2025/20251030/AnuncioG0767-221025-0001_es.html,oficial
GALICIA,15,15030,A CORUÑA,2026-10-07,festividade do Rosario,"Dataset «Calendario laboral 2026» (abertos.xunta.gal) = DOG núm. 210, 30/10/2025 – Resolución 21/10/2025 Secretaría Xeral de Emprego e Relacións Laborais",https://www.xunta.gal/dog/Publicados/2025/20251030/AnuncioG0767-221025-0001_es.html,oficial
GALICIA,15,15030,A CORUÑA,2027-02-09,Martes de Entroido,"El Ideal Gallego, 29/07/2026 – «Confirmados: estos serán los festivos locales de A Coruña en 2027» (aprobación Xunta de Goberno Local)",https://www.elidealgallego.com/a-coruna/2026-07-29/confirmados-estos-seran-los-festivos-locales-de-a-coruna-en-870769.html,prensa
GALICIA,15,15030,A CORUÑA,2027-06-24,San Xoán,"El Ideal Gallego, 29/07/2026 – «Confirmados: estos serán los festivos locales de A Coruña en 2027» (aprobación Xunta de Goberno Local)",https://www.elidealgallego.com/a-coruna/2026-07-29/confirmados-estos-seran-los-festivos-locales-de-a-coruna-en-870769.html,prensa
GALICIA,15,15006,ARZÚA,2026-02-17,Martes de Entroido,"Dataset «Calendario laboral 2026» (abertos.xunta.gal) = DOG núm. 210, 30/10/2025 – Resolución 21/10/2025 Secretaría Xeral de Emprego e Relacións Laborais",https://www.xunta.gal/dog/Publicados/2025/20251030/AnuncioG0767-221025-0001_es.html,oficial
GALICIA,15,15006,ARZÚA,2026-07-16,Virxe do Carme,"Dataset «Calendario laboral 2026» (abertos.xunta.gal) = DOG núm. 210, 30/10/2025 – Resolución 21/10/2025 Secretaría Xeral de Emprego e Relacións Laborais",https://www.xunta.gal/dog/Publicados/2025/20251030/AnuncioG0767-221025-0001_es.html,oficial
GALICIA,15,15009,BETANZOS,2026-02-17,Martes de Entroido,"Dataset «Calendario laboral 2026» (abertos.xunta.gal) = DOG núm. 210, 30/10/2025 – Resolución 21/10/2025 Secretaría Xeral de Emprego e Relacións Laborais",https://www.xunta.gal/dog/Publicados/2025/20251030/AnuncioG0767-221025-0001_es.html,oficial
GALICIA,15,15009,BETANZOS,2026-08-18,Os Caneiros,"Dataset «Calendario laboral 2026» (abertos.xunta.gal) = DOG núm. 210, 30/10/2025 – Resolución 21/10/2025 Secretaría Xeral de Emprego e Relacións Laborais",https://www.xunta.gal/dog/Publicados/2025/20251030/AnuncioG0767-221025-0001_es.html,oficial
GALICIA,15,15019,CARBALLO,2026-02-17,Martes de Entroido,"Dataset «Calendario laboral 2026» (abertos.xunta.gal) = DOG núm. 210, 30/10/2025 – Resolución 21/10/2025 Secretaría Xeral de Emprego e Relacións Laborais",https://www.xunta.gal/dog/Publicados/2025/20251030/AnuncioG0767-221025-0001_es.html,oficial
GALICIA,15,15019,CARBALLO,2026-06-25,festas patronais de San Xoán Bautista,"Dataset «Calendario laboral 2026» (abertos.xunta.gal) = DOG núm. 210, 30/10/2025 – Resolución 21/10/2025 Secretaría Xeral de Emprego e Relacións Laborais",https://www.xunta.gal/dog/Publicados/2025/20251030/AnuncioG0767-221025-0001_es.html,oficial
GALICIA,15,15028,CORCUBIÓN,2026-06-29,San Pedro,"Dataset «Calendario laboral 2026» (abertos.xunta.gal) = DOG núm. 210, 30/10/2025 – Resolución 21/10/2025 Secretaría Xeral de Emprego e Relacións Laborais",https://www.xunta.gal/dog/Publicados/2025/20251030/AnuncioG0767-221025-0001_es.html,oficial
GALICIA,15,15028,CORCUBIÓN,2026-07-16,festa do Carme,"Dataset «Calendario laboral 2026» (abertos.xunta.gal) = DOG núm. 210, 30/10/2025 – Resolución 21/10/2025 Secretaría Xeral de Emprego e Relacións Laborais",https://www.xunta.gal/dog/Publicados/2025/20251030/AnuncioG0767-221025-0001_es.html,oficial
GALICIA,15,15036,FERROL,2026-01-07,San Xiao,"Dataset «Calendario laboral 2026» (abertos.xunta.gal) = DOG núm. 210, 30/10/2025 – Resolución 21/10/2025 Secretaría Xeral de Emprego e Relacións Laborais",https://www.xunta.gal/dog/Publicados/2025/20251030/AnuncioG0767-221025-0001_es.html,oficial
GALICIA,15,15036,FERROL,2026-04-06,Nosa Señora de Chamorro,"Dataset «Calendario laboral 2026» (abertos.xunta.gal) = DOG núm. 210, 30/10/2025 – Resolución 21/10/2025 Secretaría Xeral de Emprego e Relacións Laborais",https://www.xunta.gal/dog/Publicados/2025/20251030/AnuncioG0767-221025-0001_es.html,oficial
GALICIA,15,15036,FERROL,2027-01-07,San Xiao,"Quincemil (El Español), 24/09/2026 – «Ferrol aprueba sus dos festivos locales para 2027: 7 de enero y 29 de marzo» (Pleno 24/09/2026)",https://www.elespanol.com/quincemil/ferrolterra/20260924/ferrol-aprueba-festivos-locales-enero-marzo/1003744396555_0.html,prensa
GALICIA,15,15036,FERROL,2027-03-29,Luns de Pascua / Nosa Señora de Chamorro,"Quincemil (El Español), 24/09/2026 – «Ferrol aprueba sus dos festivos locales para 2027: 7 de enero y 29 de marzo» (Pleno 24/09/2026)",https://www.elespanol.com/quincemil/ferrolterra/20260924/ferrol-aprueba-festivos-locales-enero-marzo/1003744396555_0.html,prensa
GALICIA,15,15053,MUROS,2026-06-29,festa de San Pedro,"Dataset «Calendario laboral 2026» (abertos.xunta.gal) = DOG núm. 210, 30/10/2025 – Resolución 21/10/2025 Secretaría Xeral de Emprego e Relacións Laborais",https://www.xunta.gal/dog/Publicados/2025/20251030/AnuncioG0767-221025-0001_es.html,oficial
GALICIA,15,15053,MUROS,2026-07-16,festa do Carme,"Dataset «Calendario laboral 2026» (abertos.xunta.gal) = DOG núm. 210, 30/10/2025 – Resolución 21/10/2025 Secretaría Xeral de Emprego e Relacións Laborais",https://www.xunta.gal/dog/Publicados/2025/20251030/AnuncioG0767-221025-0001_es.html,oficial
GALICIA,15,15056,NEGREIRA,2026-07-10,San Cristovo,"Dataset «Calendario laboral 2026» (abertos.xunta.gal) = DOG núm. 210, 30/10/2025 – Resolución 21/10/2025 Secretaría Xeral de Emprego e Relacións Laborais",https://www.xunta.gal/dog/Publicados/2025/20251030/AnuncioG0767-221025-0001_es.html,oficial
GALICIA,15,15056,NEGREIRA,2026-09-21,Santa Margarida,"Dataset «Calendario laboral 2026» (abertos.xunta.gal) = DOG núm. 210, 30/10/2025 – Resolución 21/10/2025 Secretaría Xeral de Emprego e Relacións Laborais",https://www.xunta.gal/dog/Publicados/2025/20251030/AnuncioG0767-221025-0001_es.html,oficial
GALICIA,15,15057,NOIA,2026-02-16,Luns de Entroido,"Dataset «Calendario laboral 2026» (abertos.xunta.gal) = DOG núm. 210, 30/10/2025 – Resolución 21/10/2025 Secretaría Xeral de Emprego e Relacións Laborais",https://www.xunta.gal/dog/Publicados/2025/20251030/AnuncioG0767-221025-0001_es.html,oficial
GALICIA,15,15057,NOIA,2026-07-16,festa da Virxe do Carme,"Dataset «Calendario laboral 2026» (abertos.xunta.gal) = DOG núm. 210, 30/10/2025 – Resolución 21/10/2025 Secretaría Xeral de Emprego e Relacións Laborais",https://www.xunta.gal/dog/Publicados/2025/20251030/AnuncioG0767-221025-0001_es.html,oficial
GALICIA,15,15059,ORDES,2026-02-17,Martes de Entroido,"Dataset «Calendario laboral 2026» (abertos.xunta.gal) = DOG núm. 210, 30/10/2025 – Resolución 21/10/2025 Secretaría Xeral de Emprego e Relacións Laborais",https://www.xunta.gal/dog/Publicados/2025/20251030/AnuncioG0767-221025-0001_es.html,oficial
GALICIA,15,15059,ORDES,2026-04-27,festa local de Ordes,"Dataset «Calendario laboral 2026» (abertos.xunta.gal) = DOG núm. 210, 30/10/2025 – Resolución 21/10/2025 Secretaría Xeral de Emprego e Relacións Laborais",https://www.xunta.gal/dog/Publicados/2025/20251030/AnuncioG0767-221025-0001_es.html,oficial
GALICIA,15,15061,ORTIGUEIRA,2026-02-17,Martes de Entroido,"Dataset «Calendario laboral 2026» (abertos.xunta.gal) = DOG núm. 210, 30/10/2025 – Resolución 21/10/2025 Secretaría Xeral de Emprego e Relacións Laborais",https://www.xunta.gal/dog/Publicados/2025/20251030/AnuncioG0767-221025-0001_es.html,oficial
GALICIA,15,15061,ORTIGUEIRA,2026-07-29,día de Santa Marta,"Dataset «Calendario laboral 2026» (abertos.xunta.gal) = DOG núm. 210, 30/10/2025 – Resolución 21/10/2025 Secretaría Xeral de Emprego e Relacións Laborais",https://www.xunta.gal/dog/Publicados/2025/20251030/AnuncioG0767-221025-0001_es.html,oficial
GALICIA,15,15065,PADRÓN,2026-04-06,Luns de Pascua,"Dataset «Calendario laboral 2026» (abertos.xunta.gal) = DOG núm. 210, 30/10/2025 – Resolución 21/10/2025 Secretaría Xeral de Emprego e Relacións Laborais",https://www.xunta.gal/dog/Publicados/2025/20251030/AnuncioG0767-221025-0001_es.html,oficial
GALICIA,15,15065,PADRÓN,2026-05-06,San Xoán do Raio,"Dataset «Calendario laboral 2026» (abertos.xunta.gal) = DOG núm. 210, 30/10/2025 – Resolución 21/10/2025 Secretaría Xeral de Emprego e Relacións Laborais",https://www.xunta.gal/dog/Publicados/2025/20251030/AnuncioG0767-221025-0001_es.html,oficial
GALICIA,15,15073,RIBEIRA,2026-02-17,Martes de Entroido,"Dataset «Calendario laboral 2026» (abertos.xunta.gal) = DOG núm. 210, 30/10/2025 – Resolución 21/10/2025 Secretaría Xeral de Emprego e Relacións Laborais",https://www.xunta.gal/dog/Publicados/2025/20251030/AnuncioG0767-221025-0001_es.html,oficial
GALICIA,15,15073,RIBEIRA,2026-07-16,O Carme,"Dataset «Calendario laboral 2026» (abertos.xunta.gal) = DOG núm. 210, 30/10/2025 – Resolución 21/10/2025 Secretaría Xeral de Emprego e Relacións Laborais",https://www.xunta.gal/dog/Publicados/2025/20251030/AnuncioG0767-221025-0001_es.html,oficial
GALICIA,15,15078,SANTIAGO DE COMPOSTELA,2026-02-17,Martes de Entroido,"Dataset «Calendario laboral 2026» (abertos.xunta.gal) = DOG núm. 210, 30/10/2025 – Resolución 21/10/2025 Secretaría Xeral de Emprego e Relacións Laborais",https://www.xunta.gal/dog/Publicados/2025/20251030/AnuncioG0767-221025-0001_es.html,oficial
GALICIA,15,15078,SANTIAGO DE COMPOSTELA,2026-05-14,día da Ascensión,"Dataset «Calendario laboral 2026» (abertos.xunta.gal) = DOG núm. 210, 30/10/2025 – Resolución 21/10/2025 Secretaría Xeral de Emprego e Relacións Laborais",https://www.xunta.gal/dog/Publicados/2025/20251030/AnuncioG0767-221025-0001_es.html,oficial
GALICIA,27,27018,A FONSAGRADA,2026-02-17,Martes de Entroido,"Dataset «Calendario laboral 2026» (abertos.xunta.gal) = DOG núm. 210, 30/10/2025 – Resolución 21/10/2025 Secretaría Xeral de Emprego e Relacións Laborais",https://www.xunta.gal/dog/Publicados/2025/20251030/AnuncioG0767-221025-0001_es.html,oficial
GALICIA,27,27018,A FONSAGRADA,2026-09-08,festas patronais da Fonsagrada,"Dataset «Calendario laboral 2026» (abertos.xunta.gal) = DOG núm. 210, 30/10/2025 – Resolución 21/10/2025 Secretaría Xeral de Emprego e Relacións Laborais",https://www.xunta.gal/dog/Publicados/2025/20251030/AnuncioG0767-221025-0001_es.html,oficial
GALICIA,27,27018,A FONSAGRADA,2027-02-09,Martes de Entroido,"BOP Lugo núm. 221, 26/09/2026 – Resolución sobre o calendario laboral do ano 2027 para a provincia de Lugo (Dirección Territorial de Emprego, 23/09/2026), R. 2552",https://www.deputacionlugo.gal/sites/deputacionlugo.org/files/inline-files/26-09-2026.pdf,oficial
GALICIA,27,27018,A FONSAGRADA,2027-09-13,Festas Patronais de A Fonsagrada,"BOP Lugo núm. 221, 26/09/2026 – Resolución sobre o calendario laboral do ano 2027 para a provincia de Lugo (Dirección Territorial de Emprego, 23/09/2026), R. 2552",https://www.deputacionlugo.gal/sites/deputacionlugo.org/files/inline-files/26-09-2026.pdf,oficial
GALICIA,27,27006,BECERREÁ,2026-02-17,Martes de Entroido,"Dataset «Calendario laboral 2026» (abertos.xunta.gal) = DOG núm. 210, 30/10/2025 – Resolución 21/10/2025 Secretaría Xeral de Emprego e Relacións Laborais",https://www.xunta.gal/dog/Publicados/2025/20251030/AnuncioG0767-221025-0001_es.html,oficial
GALICIA,27,27006,BECERREÁ,2026-09-14,Santo,"Dataset «Calendario laboral 2026» (abertos.xunta.gal) = DOG núm. 210, 30/10/2025 – Resolución 21/10/2025 Secretaría Xeral de Emprego e Relacións Laborais",https://www.xunta.gal/dog/Publicados/2025/20251030/AnuncioG0767-221025-0001_es.html,oficial
GALICIA,27,27006,BECERREÁ,2027-06-24,San Xoán,"BOP Lugo núm. 221, 26/09/2026 – Resolución sobre o calendario laboral do ano 2027 para a provincia de Lugo (Dirección Territorial de Emprego, 23/09/2026), R. 2552",https://www.deputacionlugo.gal/sites/deputacionlugo.org/files/inline-files/26-09-2026.pdf,oficial
GALICIA,27,27006,BECERREÁ,2027-09-14,Santo,"BOP Lugo núm. 221, 26/09/2026 – Resolución sobre o calendario laboral do ano 2027 para a provincia de Lugo (Dirección Territorial de Emprego, 23/09/2026), R. 2552",https://www.deputacionlugo.gal/sites/deputacionlugo.org/files/inline-files/26-09-2026.pdf,oficial
GALICIA,27,27016,CHANTADA,2026-08-25,festa da Empanada,"Dataset «Calendario laboral 2026» (abertos.xunta.gal) = DOG núm. 210, 30/10/2025 – Resolución 21/10/2025 Secretaría Xeral de Emprego e Relacións Laborais",https://www.xunta.gal/dog/Publicados/2025/20251030/AnuncioG0767-221025-0001_es.html,oficial
GALICIA,27,27016,CHANTADA,2026-09-08,Virxe do Faro,"Dataset «Calendario laboral 2026» (abertos.xunta.gal) = DOG núm. 210, 30/10/2025 – Resolución 21/10/2025 Secretaría Xeral de Emprego e Relacións Laborais",https://www.xunta.gal/dog/Publicados/2025/20251030/AnuncioG0767-221025-0001_es.html,oficial
GALICIA,27,27016,CHANTADA,2027-08-24,Festa da Empanada,"BOP Lugo núm. 221, 26/09/2026 – Resolución sobre o calendario laboral do ano 2027 para a provincia de Lugo (Dirección Territorial de Emprego, 23/09/2026), R. 2552",https://www.deputacionlugo.gal/sites/deputacionlugo.org/files/inline-files/26-09-2026.pdf,oficial
GALICIA,27,27016,CHANTADA,2027-10-18,San Lucas,"BOP Lugo núm. 221, 26/09/2026 – Resolución sobre o calendario laboral do ano 2027 para a provincia de Lugo (Dirección Territorial de Emprego, 23/09/2026), R. 2552",https://www.deputacionlugo.gal/sites/deputacionlugo.org/files/inline-files/26-09-2026.pdf,oficial
GALICIA,27,27028,LUGO,2026-02-17,Martes de Entroido,"Dataset «Calendario laboral 2026» (abertos.xunta.gal) = DOG núm. 210, 30/10/2025 – Resolución 21/10/2025 Secretaría Xeral de Emprego e Relacións Laborais",https://www.xunta.gal/dog/Publicados/2025/20251030/AnuncioG0767-221025-0001_es.html,oficial
GALICIA,27,27028,LUGO,2026-10-05,San Froilán,"Dataset «Calendario laboral 2026» (abertos.xunta.gal) = DOG núm. 210, 30/10/2025 – Resolución 21/10/2025 Secretaría Xeral de Emprego e Relacións Laborais",https://www.xunta.gal/dog/Publicados/2025/20251030/AnuncioG0767-221025-0001_es.html,oficial
GALICIA,27,27028,LUGO,2027-02-09,Martes de Entroido,"BOP Lugo núm. 221, 26/09/2026 – Resolución sobre o calendario laboral do ano 2027 para a provincia de Lugo (Dirección Territorial de Emprego, 23/09/2026), R. 2552",https://www.deputacionlugo.gal/sites/deputacionlugo.org/files/inline-files/26-09-2026.pdf,oficial
GALICIA,27,27028,LUGO,2027-10-05,San Froilán,"BOP Lugo núm. 221, 26/09/2026 – Resolución sobre o calendario laboral do ano 2027 para a provincia de Lugo (Dirección Territorial de Emprego, 23/09/2026), R. 2552",https://www.deputacionlugo.gal/sites/deputacionlugo.org/files/inline-files/26-09-2026.pdf,oficial
GALICIA,27,27030,MONDOÑEDO,2026-09-14,Nosa Señora dos Remedios,"Dataset «Calendario laboral 2026» (abertos.xunta.gal) = DOG núm. 210, 30/10/2025 – Resolución 21/10/2025 Secretaría Xeral de Emprego e Relacións Laborais",https://www.xunta.gal/dog/Publicados/2025/20251030/AnuncioG0767-221025-0001_es.html,oficial
GALICIA,27,27030,MONDOÑEDO,2026-10-19,San Lucas,"Dataset «Calendario laboral 2026» (abertos.xunta.gal) = DOG núm. 210, 30/10/2025 – Resolución 21/10/2025 Secretaría Xeral de Emprego e Relacións Laborais",https://www.xunta.gal/dog/Publicados/2025/20251030/AnuncioG0767-221025-0001_es.html,oficial
GALICIA,27,27030,MONDOÑEDO,2027-09-13,Nosa Señora dos Remedios,"BOP Lugo núm. 221, 26/09/2026 – Resolución sobre o calendario laboral do ano 2027 para a provincia de Lugo (Dirección Territorial de Emprego, 23/09/2026), R. 2552",https://www.deputacionlugo.gal/sites/deputacionlugo.org/files/inline-files/26-09-2026.pdf,oficial
GALICIA,27,27030,MONDOÑEDO,2027-10-18,As San Lucas,"BOP Lugo núm. 221, 26/09/2026 – Resolución sobre o calendario laboral do ano 2027 para a provincia de Lugo (Dirección Territorial de Emprego, 23/09/2026), R. 2552",https://www.deputacionlugo.gal/sites/deputacionlugo.org/files/inline-files/26-09-2026.pdf,oficial
GALICIA,27,27031,MONFORTE DE LEMOS,2026-04-07,Martes de Pascua,"Dataset «Calendario laboral 2026» (abertos.xunta.gal) = DOG núm. 210, 30/10/2025 – Resolución 21/10/2025 Secretaría Xeral de Emprego e Relacións Laborais",https://www.xunta.gal/dog/Publicados/2025/20251030/AnuncioG0767-221025-0001_es.html,oficial
GALICIA,27,27031,MONFORTE DE LEMOS,2026-06-13,San Antón,"Dataset «Calendario laboral 2026» (abertos.xunta.gal) = DOG núm. 210, 30/10/2025 – Resolución 21/10/2025 Secretaría Xeral de Emprego e Relacións Laborais",https://www.xunta.gal/dog/Publicados/2025/20251030/AnuncioG0767-221025-0001_es.html,oficial
GALICIA,27,27031,MONFORTE DE LEMOS,2027-03-30,Martes de Pascua,"BOP Lugo núm. 221, 26/09/2026 – Resolución sobre o calendario laboral do ano 2027 para a provincia de Lugo (Dirección Territorial de Emprego, 23/09/2026), R. 2552",https://www.deputacionlugo.gal/sites/deputacionlugo.org/files/inline-files/26-09-2026.pdf,oficial
GALICIA,27,27031,MONFORTE DE LEMOS,2027-06-14,San Antón,"BOP Lugo núm. 221, 26/09/2026 – Resolución sobre o calendario laboral do ano 2027 para a provincia de Lugo (Dirección Territorial de Emprego, 23/09/2026), R. 2552",https://www.deputacionlugo.gal/sites/deputacionlugo.org/files/inline-files/26-09-2026.pdf,oficial
GALICIA,27,27057,SARRIA,2026-06-25,día posterior a San Xoán,"Dataset «Calendario laboral 2026» (abertos.xunta.gal) = DOG núm. 210, 30/10/2025 – Resolución 21/10/2025 Secretaría Xeral de Emprego e Relacións Laborais",https://www.xunta.gal/dog/Publicados/2025/20251030/AnuncioG0767-221025-0001_es.html,oficial
GALICIA,27,27057,SARRIA,2026-09-08,Virxe dos Remedios,"Dataset «Calendario laboral 2026» (abertos.xunta.gal) = DOG núm. 210, 30/10/2025 – Resolución 21/10/2025 Secretaría Xeral de Emprego e Relacións Laborais",https://www.xunta.gal/dog/Publicados/2025/20251030/AnuncioG0767-221025-0001_es.html,oficial
GALICIA,27,27057,SARRIA,2027-06-24,San Xoán,"BOP Lugo núm. 221, 26/09/2026 – Resolución sobre o calendario laboral do ano 2027 para a provincia de Lugo (Dirección Territorial de Emprego, 23/09/2026), R. 2552",https://www.deputacionlugo.gal/sites/deputacionlugo.org/files/inline-files/26-09-2026.pdf,oficial
GALICIA,27,27057,SARRIA,2027-09-08,Virxe dos Remedios,"BOP Lugo núm. 221, 26/09/2026 – Resolución sobre o calendario laboral do ano 2027 para a provincia de Lugo (Dirección Territorial de Emprego, 23/09/2026), R. 2552",https://www.deputacionlugo.gal/sites/deputacionlugo.org/files/inline-files/26-09-2026.pdf,oficial
GALICIA,27,27065,VILALBA,2026-08-31,"San Ramón, día do patrón de Vilalba","Dataset «Calendario laboral 2026» (abertos.xunta.gal) = DOG núm. 210, 30/10/2025 – Resolución 21/10/2025 Secretaría Xeral de Emprego e Relacións Laborais",https://www.xunta.gal/dog/Publicados/2025/20251030/AnuncioG0767-221025-0001_es.html,oficial
GALICIA,27,27065,VILALBA,2026-09-01,"Santa María, día da patroa de Vilalba","Dataset «Calendario laboral 2026» (abertos.xunta.gal) = DOG núm. 210, 30/10/2025 – Resolución 21/10/2025 Secretaría Xeral de Emprego e Relacións Laborais",https://www.xunta.gal/dog/Publicados/2025/20251030/AnuncioG0767-221025-0001_es.html,oficial
GALICIA,27,27065,VILALBA,2027-08-31,"San Ramón, día do patrón de Vilalba","BOP Lugo núm. 221, 26/09/2026 – Resolución sobre o calendario laboral do ano 2027 para a provincia de Lugo (Dirección Territorial de Emprego, 23/09/2026), R. 2552",https://www.deputacionlugo.gal/sites/deputacionlugo.org/files/inline-files/26-09-2026.pdf,oficial
GALICIA,27,27065,VILALBA,2027-09-01,"Santa María, día da patroa de Vilalba","BOP Lugo núm. 221, 26/09/2026 – Resolución sobre o calendario laboral do ano 2027 para a provincia de Lugo (Dirección Territorial de Emprego, 23/09/2026), R. 2552",https://www.deputacionlugo.gal/sites/deputacionlugo.org/files/inline-files/26-09-2026.pdf,oficial
GALICIA,27,27066,VIVEIRO,2026-02-17,Martes de Entroido,"Dataset «Calendario laboral 2026» (abertos.xunta.gal) = DOG núm. 210, 30/10/2025 – Resolución 21/10/2025 Secretaría Xeral de Emprego e Relacións Laborais",https://www.xunta.gal/dog/Publicados/2025/20251030/AnuncioG0767-221025-0001_es.html,oficial
GALICIA,27,27066,VIVEIRO,2026-08-24,luns de Naseiro,"Dataset «Calendario laboral 2026» (abertos.xunta.gal) = DOG núm. 210, 30/10/2025 – Resolución 21/10/2025 Secretaría Xeral de Emprego e Relacións Laborais",https://www.xunta.gal/dog/Publicados/2025/20251030/AnuncioG0767-221025-0001_es.html,oficial
GALICIA,27,27066,VIVEIRO,2027-02-09,Martes de Entroido,"BOP Lugo núm. 221, 26/09/2026 – Resolución sobre o calendario laboral do ano 2027 para a provincia de Lugo (Dirección Territorial de Emprego, 23/09/2026), R. 2552",https://www.deputacionlugo.gal/sites/deputacionlugo.org/files/inline-files/26-09-2026.pdf,oficial
GALICIA,27,27066,VIVEIRO,2027-08-16,San Roque,"BOP Lugo núm. 221, 26/09/2026 – Resolución sobre o calendario laboral do ano 2027 para a provincia de Lugo (Dirección Territorial de Emprego, 23/09/2026), R. 2552",https://www.deputacionlugo.gal/sites/deputacionlugo.org/files/inline-files/26-09-2026.pdf,oficial
GALICIA,32,32063,A POBRA DE TRIVES,2026-08-24,San Bartolomeu,"Dataset «Calendario laboral 2026» (abertos.xunta.gal) = DOG núm. 210, 30/10/2025 – Resolución 21/10/2025 Secretaría Xeral de Emprego e Relacións Laborais",https://www.xunta.gal/dog/Publicados/2025/20251030/AnuncioG0767-221025-0001_es.html,oficial
GALICIA,32,32063,A POBRA DE TRIVES,2026-09-14,Santo Cristo da Misericordia,"Dataset «Calendario laboral 2026» (abertos.xunta.gal) = DOG núm. 210, 30/10/2025 – Resolución 21/10/2025 Secretaría Xeral de Emprego e Relacións Laborais",https://www.xunta.gal/dog/Publicados/2025/20251030/AnuncioG0767-221025-0001_es.html,oficial
GALICIA,32,32006,BANDE,2026-02-17,Martes de Entroido,"Dataset «Calendario laboral 2026» (abertos.xunta.gal) = DOG núm. 210, 30/10/2025 – Resolución 21/10/2025 Secretaría Xeral de Emprego e Relacións Laborais",https://www.xunta.gal/dog/Publicados/2025/20251030/AnuncioG0767-221025-0001_es.html,oficial
GALICIA,32,32006,BANDE,2026-08-24,festas de San Roque,"Dataset «Calendario laboral 2026» (abertos.xunta.gal) = DOG núm. 210, 30/10/2025 – Resolución 21/10/2025 Secretaría Xeral de Emprego e Relacións Laborais",https://www.xunta.gal/dog/Publicados/2025/20251030/AnuncioG0767-221025-0001_es.html,oficial
GALICIA,32,32024,CELANOVA,2026-02-17,Martes de Entroido,"Dataset «Calendario laboral 2026» (abertos.xunta.gal) = DOG núm. 210, 30/10/2025 – Resolución 21/10/2025 Secretaría Xeral de Emprego e Relacións Laborais",https://www.xunta.gal/dog/Publicados/2025/20251030/AnuncioG0767-221025-0001_es.html,oficial
GALICIA,32,32024,CELANOVA,2026-09-15,festa da Virxe do Cristal,"Dataset «Calendario laboral 2026» (abertos.xunta.gal) = DOG núm. 210, 30/10/2025 – Resolución 21/10/2025 Secretaría Xeral de Emprego e Relacións Laborais",https://www.xunta.gal/dog/Publicados/2025/20251030/AnuncioG0767-221025-0001_es.html,oficial
GALICIA,32,32009,O BARCO DE VALDEORRAS,2026-05-22,Santa Rita,"Dataset «Calendario laboral 2026» (abertos.xunta.gal) = DOG núm. 210, 30/10/2025 – Resolución 21/10/2025 Secretaría Xeral de Emprego e Relacións Laborais",https://www.xunta.gal/dog/Publicados/2025/20251030/AnuncioG0767-221025-0001_es.html,oficial
GALICIA,32,32009,O BARCO DE VALDEORRAS,2026-09-14,día do Cristo,"Dataset «Calendario laboral 2026» (abertos.xunta.gal) = DOG núm. 210, 30/10/2025 – Resolución 21/10/2025 Secretaría Xeral de Emprego e Relacións Laborais",https://www.xunta.gal/dog/Publicados/2025/20251030/AnuncioG0767-221025-0001_es.html,oficial
GALICIA,32,32019,O CARBALLIÑO,2026-02-17,Martes de Entroido,"Dataset «Calendario laboral 2026» (abertos.xunta.gal) = DOG núm. 210, 30/10/2025 – Resolución 21/10/2025 Secretaría Xeral de Emprego e Relacións Laborais",https://www.xunta.gal/dog/Publicados/2025/20251030/AnuncioG0767-221025-0001_es.html,oficial
GALICIA,32,32019,O CARBALLIÑO,2026-09-17,San Cibrán,"Dataset «Calendario laboral 2026» (abertos.xunta.gal) = DOG núm. 210, 30/10/2025 – Resolución 21/10/2025 Secretaría Xeral de Emprego e Relacións Laborais",https://www.xunta.gal/dog/Publicados/2025/20251030/AnuncioG0767-221025-0001_es.html,oficial
GALICIA,32,32054,OURENSE,2026-02-17,Martes de Entroido,"Dataset «Calendario laboral 2026» (abertos.xunta.gal) = DOG núm. 210, 30/10/2025 – Resolución 21/10/2025 Secretaría Xeral de Emprego e Relacións Laborais",https://www.xunta.gal/dog/Publicados/2025/20251030/AnuncioG0767-221025-0001_es.html,oficial
GALICIA,32,32054,OURENSE,2026-11-11,San Martiño,"Dataset «Calendario laboral 2026» (abertos.xunta.gal) = DOG núm. 210, 30/10/2025 – Resolución 21/10/2025 Secretaría Xeral de Emprego e Relacións Laborais",https://www.xunta.gal/dog/Publicados/2025/20251030/AnuncioG0767-221025-0001_es.html,oficial
GALICIA,32,32069,RIBADAVIA,2026-02-17,Martes de Entroido,"Dataset «Calendario laboral 2026» (abertos.xunta.gal) = DOG núm. 210, 30/10/2025 – Resolución 21/10/2025 Secretaría Xeral de Emprego e Relacións Laborais",https://www.xunta.gal/dog/Publicados/2025/20251030/AnuncioG0767-221025-0001_es.html,oficial
GALICIA,32,32069,RIBADAVIA,2026-09-08,Virxe do Portal,"Dataset «Calendario laboral 2026» (abertos.xunta.gal) = DOG núm. 210, 30/10/2025 – Resolución 21/10/2025 Secretaría Xeral de Emprego e Relacións Laborais",https://www.xunta.gal/dog/Publicados/2025/20251030/AnuncioG0767-221025-0001_es.html,oficial
GALICIA,32,32085,VERÍN,2026-02-18,Mércores de Cinza,"Dataset «Calendario laboral 2026» (abertos.xunta.gal) = DOG núm. 210, 30/10/2025 – Resolución 21/10/2025 Secretaría Xeral de Emprego e Relacións Laborais",https://www.xunta.gal/dog/Publicados/2025/20251030/AnuncioG0767-221025-0001_es.html,oficial
GALICIA,32,32085,VERÍN,2026-09-08,festa dos Remedios,"Dataset «Calendario laboral 2026» (abertos.xunta.gal) = DOG núm. 210, 30/10/2025 – Resolución 21/10/2025 Secretaría Xeral de Emprego e Relacións Laborais",https://www.xunta.gal/dog/Publicados/2025/20251030/AnuncioG0767-221025-0001_es.html,oficial
GALICIA,32,32032,XINZO DE LIMIA,2026-02-17,Martes de Entroido,"Dataset «Calendario laboral 2026» (abertos.xunta.gal) = DOG núm. 210, 30/10/2025 – Resolución 21/10/2025 Secretaría Xeral de Emprego e Relacións Laborais",https://www.xunta.gal/dog/Publicados/2025/20251030/AnuncioG0767-221025-0001_es.html,oficial
GALICIA,32,32032,XINZO DE LIMIA,2026-07-20,festas de Santa Mariña,"Dataset «Calendario laboral 2026» (abertos.xunta.gal) = DOG núm. 210, 30/10/2025 – Resolución 21/10/2025 Secretaría Xeral de Emprego e Relacións Laborais",https://www.xunta.gal/dog/Publicados/2025/20251030/AnuncioG0767-221025-0001_es.html,oficial
GALICIA,36,36017,A ESTRADA,2026-02-17,Martes de Entroido,"Dataset «Calendario laboral 2026» (abertos.xunta.gal) = DOG núm. 210, 30/10/2025 – Resolución 21/10/2025 Secretaría Xeral de Emprego e Relacións Laborais",https://www.xunta.gal/dog/Publicados/2025/20251030/AnuncioG0767-221025-0001_es.html,oficial
GALICIA,36,36017,A ESTRADA,2026-06-26,festas patronais de San Paio,"Dataset «Calendario laboral 2026» (abertos.xunta.gal) = DOG núm. 210, 30/10/2025 – Resolución 21/10/2025 Secretaría Xeral de Emprego e Relacións Laborais",https://www.xunta.gal/dog/Publicados/2025/20251030/AnuncioG0767-221025-0001_es.html,oficial
GALICIA,36,36005,CALDAS DE REIS,2026-02-16,Luns de Entroido,"Dataset «Calendario laboral 2026» (abertos.xunta.gal) = DOG núm. 210, 30/10/2025 – Resolución 21/10/2025 Secretaría Xeral de Emprego e Relacións Laborais",https://www.xunta.gal/dog/Publicados/2025/20251030/AnuncioG0767-221025-0001_es.html,oficial
GALICIA,36,36005,CALDAS DE REIS,2026-08-14,Fiesta local,"Dataset «Calendario laboral 2026» (abertos.xunta.gal) = DOG núm. 210, 30/10/2025 – Resolución 21/10/2025 Secretaría Xeral de Emprego e Relacións Laborais",https://www.xunta.gal/dog/Publicados/2025/20251030/AnuncioG0767-221025-0001_es.html,oficial
GALICIA,36,36006,CAMBADOS,2026-02-16,Luns de Entroido,"Dataset «Calendario laboral 2026» (abertos.xunta.gal) = DOG núm. 210, 30/10/2025 – Resolución 21/10/2025 Secretaría Xeral de Emprego e Relacións Laborais",https://www.xunta.gal/dog/Publicados/2025/20251030/AnuncioG0767-221025-0001_es.html,oficial
GALICIA,36,36006,CAMBADOS,2026-07-11,S. Bieito,"Dataset «Calendario laboral 2026» (abertos.xunta.gal) = DOG núm. 210, 30/10/2025 – Resolución 21/10/2025 Secretaría Xeral de Emprego e Relacións Laborais",https://www.xunta.gal/dog/Publicados/2025/20251030/AnuncioG0767-221025-0001_es.html,oficial
GALICIA,36,36008,CANGAS,2026-03-27,venres das Dores,"Dataset «Calendario laboral 2026» (abertos.xunta.gal) = DOG núm. 210, 30/10/2025 – Resolución 21/10/2025 Secretaría Xeral de Emprego e Relacións Laborais",https://www.xunta.gal/dog/Publicados/2025/20251030/AnuncioG0767-221025-0001_es.html,oficial
GALICIA,36,36008,CANGAS,2026-08-31,luns do Cristo,"Dataset «Calendario laboral 2026» (abertos.xunta.gal) = DOG núm. 210, 30/10/2025 – Resolución 21/10/2025 Secretaría Xeral de Emprego e Relacións Laborais",https://www.xunta.gal/dog/Publicados/2025/20251030/AnuncioG0767-221025-0001_es.html,oficial
GALICIA,36,36024,LALÍN,2026-09-21,festas patronais da Virxe das Dores,"Dataset «Calendario laboral 2026» (abertos.xunta.gal) = DOG núm. 210, 30/10/2025 – Resolución 21/10/2025 Secretaría Xeral de Emprego e Relacións Laborais",https://www.xunta.gal/dog/Publicados/2025/20251030/AnuncioG0767-221025-0001_es.html,oficial
GALICIA,36,36024,LALÍN,2026-09-22,festas patronais da Virxe das Dores,"Dataset «Calendario laboral 2026» (abertos.xunta.gal) = DOG núm. 210, 30/10/2025 – Resolución 21/10/2025 Secretaría Xeral de Emprego e Relacións Laborais",https://www.xunta.gal/dog/Publicados/2025/20251030/AnuncioG0767-221025-0001_es.html,oficial
GALICIA,36,36026,MARÍN,2026-07-16,festividade da Virxe do Carme,"Dataset «Calendario laboral 2026» (abertos.xunta.gal) = DOG núm. 210, 30/10/2025 – Resolución 21/10/2025 Secretaría Xeral de Emprego e Relacións Laborais",https://www.xunta.gal/dog/Publicados/2025/20251030/AnuncioG0767-221025-0001_es.html,oficial
GALICIA,36,36026,MARÍN,2026-09-08,festividade da Virxe do Porto,"Dataset «Calendario laboral 2026» (abertos.xunta.gal) = DOG núm. 210, 30/10/2025 – Resolución 21/10/2025 Secretaría Xeral de Emprego e Relacións Laborais",https://www.xunta.gal/dog/Publicados/2025/20251030/AnuncioG0767-221025-0001_es.html,oficial
GALICIA,36,36039,O PORRIÑO,2026-07-11,San Bieito,"Dataset «Calendario laboral 2026» (abertos.xunta.gal) = DOG núm. 210, 30/10/2025 – Resolución 21/10/2025 Secretaría Xeral de Emprego e Relacións Laborais",https://www.xunta.gal/dog/Publicados/2025/20251030/AnuncioG0767-221025-0001_es.html,oficial
GALICIA,36,36039,O PORRIÑO,2026-09-28,día do Cristo,"Dataset «Calendario laboral 2026» (abertos.xunta.gal) = DOG núm. 210, 30/10/2025 – Resolución 21/10/2025 Secretaría Xeral de Emprego e Relacións Laborais",https://www.xunta.gal/dog/Publicados/2025/20251030/AnuncioG0767-221025-0001_es.html,oficial
GALICIA,36,36042,PONTEAREAS,2026-06-08,luns seguinte á festividade do Corpus Christi,"Dataset «Calendario laboral 2026» (abertos.xunta.gal) = DOG núm. 210, 30/10/2025 – Resolución 21/10/2025 Secretaría Xeral de Emprego e Relacións Laborais",https://www.xunta.gal/dog/Publicados/2025/20251030/AnuncioG0767-221025-0001_es.html,oficial
GALICIA,36,36042,PONTEAREAS,2026-09-29,festividade de San Miguel,"Dataset «Calendario laboral 2026» (abertos.xunta.gal) = DOG núm. 210, 30/10/2025 – Resolución 21/10/2025 Secretaría Xeral de Emprego e Relacións Laborais",https://www.xunta.gal/dog/Publicados/2025/20251030/AnuncioG0767-221025-0001_es.html,oficial
GALICIA,36,36038,PONTEVEDRA,2026-02-18,Mércores de Cinza,"Dataset «Calendario laboral 2026» (abertos.xunta.gal) = DOG núm. 210, 30/10/2025 – Resolución 21/10/2025 Secretaría Xeral de Emprego e Relacións Laborais",https://www.xunta.gal/dog/Publicados/2025/20251030/AnuncioG0767-221025-0001_es.html,oficial
GALICIA,36,36038,PONTEVEDRA,2026-07-11,San Bieito,"Dataset «Calendario laboral 2026» (abertos.xunta.gal) = DOG núm. 210, 30/10/2025 – Resolución 21/10/2025 Secretaría Xeral de Emprego e Relacións Laborais",https://www.xunta.gal/dog/Publicados/2025/20251030/AnuncioG0767-221025-0001_es.html,oficial
GALICIA,36,36038,PONTEVEDRA,2027-02-10,Mércores de Cinza,"Diario de Pontevedra, 15/07/2026 – «Pontevedra cambiará uno de sus festivos locales en 2027»; aprobación en Pleno 20/07/2026 (extracto BOPPO 141, 27/07/2026, sin fechas)",https://www.diariodepontevedra.es/articulo/pontevedra/pontevedra-cambiara-festivos-locales-2027/202607151309351459196.html,prensa
GALICIA,36,36038,PONTEVEDRA,2027-03-29,San Cibrán (Luns de Pascua),"Diario de Pontevedra, 15/07/2026 – «Pontevedra cambiará uno de sus festivos locales en 2027»; aprobación en Pleno 20/07/2026 (extracto BOPPO 141, 27/07/2026, sin fechas)",https://www.diariodepontevedra.es/articulo/pontevedra/pontevedra-cambiara-festivos-locales-2027/202607151309351459196.html,prensa
GALICIA,36,36045,REDONDELA,2026-04-13,luns do Cristo,"Dataset «Calendario laboral 2026» (abertos.xunta.gal) = DOG núm. 210, 30/10/2025 – Resolución 21/10/2025 Secretaría Xeral de Emprego e Relacións Laborais",https://www.xunta.gal/dog/Publicados/2025/20251030/AnuncioG0767-221025-0001_es.html,oficial
GALICIA,36,36045,REDONDELA,2026-06-04,xoves da Coca,"Dataset «Calendario laboral 2026» (abertos.xunta.gal) = DOG núm. 210, 30/10/2025 – Resolución 21/10/2025 Secretaría Xeral de Emprego e Relacións Laborais",https://www.xunta.gal/dog/Publicados/2025/20251030/AnuncioG0767-221025-0001_es.html,oficial
GALICIA,36,36055,TUI,2026-02-17,Martes de Entroido,"Dataset «Calendario laboral 2026» (abertos.xunta.gal) = DOG núm. 210, 30/10/2025 – Resolución 21/10/2025 Secretaría Xeral de Emprego e Relacións Laborais",https://www.xunta.gal/dog/Publicados/2025/20251030/AnuncioG0767-221025-0001_es.html,oficial
GALICIA,36,36055,TUI,2026-04-13,luns de San Telmo,"Dataset «Calendario laboral 2026» (abertos.xunta.gal) = DOG núm. 210, 30/10/2025 – Resolución 21/10/2025 Secretaría Xeral de Emprego e Relacións Laborais",https://www.xunta.gal/dog/Publicados/2025/20251030/AnuncioG0767-221025-0001_es.html,oficial
GALICIA,36,36057,VIGO,2026-03-28,festa da Reconquista,"Dataset «Calendario laboral 2026» (abertos.xunta.gal) = DOG núm. 210, 30/10/2025 – Resolución 21/10/2025 Secretaría Xeral de Emprego e Relacións Laborais",https://www.xunta.gal/dog/Publicados/2025/20251030/AnuncioG0767-221025-0001_es.html,oficial
GALICIA,36,36057,VIGO,2026-08-17,Fiesta local,"Dataset «Calendario laboral 2026» (abertos.xunta.gal) = DOG núm. 210, 30/10/2025 – Resolución 21/10/2025 Secretaría Xeral de Emprego e Relacións Laborais",https://www.xunta.gal/dog/Publicados/2025/20251030/AnuncioG0767-221025-0001_es.html,oficial
GALICIA,36,36060,VILAGARCÍA DE AROUSA,2026-05-22,festividade de Santa Rita,"Dataset «Calendario laboral 2026» (abertos.xunta.gal) = DOG núm. 210, 30/10/2025 – Resolución 21/10/2025 Secretaría Xeral de Emprego e Relacións Laborais",https://www.xunta.gal/dog/Publicados/2025/20251030/AnuncioG0767-221025-0001_es.html,oficial
GALICIA,36,36060,VILAGARCÍA DE AROUSA,2026-08-17,día posterior a San Roque,"Dataset «Calendario laboral 2026» (abertos.xunta.gal) = DOG núm. 210, 30/10/2025 – Resolución 21/10/2025 Secretaría Xeral de Emprego e Relacións Laborais",https://www.xunta.gal/dog/Publicados/2025/20251030/AnuncioG0767-221025-0001_es.html,oficial
