Fecha,Festividad,Fuente
2025-01-01,Año nuevo,"CSV provincial heredado (calendarioslaborales.com, incluye locales de la capital)"
2025-01-06,Epifanía del Señor,"CSV provincial heredado (calendarioslaborales.com, incluye locales de la capital)"
2025-04-18,Viernes Santo,"CSV provincial heredado (calendarioslaborales.com, incluye locales de la capital)"
2025-04-21,Lunes de Pascua,"CSV provincial heredado (calendarioslaborales.com, incluye locales de la capital)"
2025-05-01,Día del Trabajo,"CSV provincial heredado (calendarioslaborales.com, incluye locales de la capital)"
2025-06-24,San Juan,"CSV provincial heredado (calendarioslaborales.com, incluye locales de la capital)"
2025-07-25,Sant Jaume,"CSV provincial heredado (calendarioslaborales.com, incluye locales de la capital)"
2025-08-15,Asunción de la Virgen,"CSV provincial heredado (calendarioslaborales.com, incluye locales de la capital)"
2025-09-11,Diada Nacional de Cataluña,"CSV provincial heredado (calendarioslaborales.com, incluye locales de la capital)"
2025-10-29,Sant Narcís,"CSV provincial heredado (calendarioslaborales.com, incluye locales de la capital)"
2025-11-01,Día de Todos los Santos,"CSV provincial heredado (calendarioslaborales.com, incluye locales de la capital)"
2025-12-06,Día de la Constitución Española,"CSV provincial heredado (calendarioslaborales.com, incluye locales de la capital)"
2025-12-08,Inmaculada Concepción,"CSV provincial heredado (calendarioslaborales.com, incluye locales de la capital)"
2025-12-25,Navidad,"CSV provincial heredado (calendarioslaborales.com, incluye locales de la capital)"
2025-12-26,San Esteban,"CSV provincial heredado (calendarioslaborales.com, incluye locales de la capital)"
2026-01-01,Año nuevo,"CSV provincial heredado (calendarioslaborales.com, incluye locales de la capital)"
2026-01-06,Epifanía del Señor,"CSV provincial heredado (calendarioslaborales.com, incluye locales de la capital)"
2026-04-03,Viernes Santo,"CSV provincial heredado (calendarioslaborales.com, incluye locales de la capital)"
2026-04-06,Lunes de Pascua Florida,"CSV provincial heredado (calendarioslaborales.com, incluye locales de la capital)"
2026-05-01,Día del Trabajo,"CSV provincial heredado (calendarioslaborales.com, incluye locales de la capital)"
2026-06-24,San Juan,"CSV provincial heredado (calendarioslaborales.com, incluye locales de la capital)"
2026-07-25,Sant Jaume,"CSV provincial heredado (calendarioslaborales.com, incluye locales de la capital)"
2026-08-15,Asunción de la Virgen,"CSV provincial heredado (calendarioslaborales.com, incluye locales de la capital)"
2026-09-11,Diada Nacional de Cataluña,"CSV provincial heredado (calendarioslaborales.com, incluye locales de la capital)"
2026-10-12,Fiesta Nacional Española,"CSV provincial heredado (calendarioslaborales.com, incluye locales de la capital)"
2026-10-29,Sant Narcís,"CSV provincial heredado (calendarioslaborales.com, incluye locales de la capital)"
2026-12-08,Inmaculada Concepción,"CSV provincial heredado (calendarioslaborales.com, incluye locales de la capital)"
2026-12-25,Navidad del Señor,"CSV provincial heredado (calendarioslaborales.com, incluye locales de la capital)"
2026-12-26,San Esteban,"CSV provincial heredado (calendarioslaborales.com, incluye locales de la capital)"
